{
  "IcoMoonType": "selection",
  "icons": [
    {
      "icon": {
        "paths": [
          "M512 0c-211.2 0-380.8 169.6-380.8 380.8 0 195.2 160 403.2 345.6 624 9.6 12.8 22.4 19.2 35.2 19.2s25.6-6.4 35.2-19.2c185.6-220.8 345.6-428.8 345.6-624-0-211.2-169.6-380.8-380.8-380.8v0zM512 502.4c-83.2 0-147.2-67.2-147.2-150.4s67.2-147.2 147.2-150.4c83.2 0 147.2 67.2 147.2 150.4s-64 150.4-147.2 150.4z"
        ],
        "attrs": [
          {
            "fill": "rgb(255, 255, 255)"
          }
        ],
        "isMulticolor": false,
        "isMulticolor2": false,
        "grid": 0,
        "tags": [
          "adress"
        ],
        "colorPermutations": {
          "110113224211031969311311401671142180229115315315312436601255255255125574911431372251": [
            {
              "f": 9
            }
          ]
        }
      },
      "attrs": [
        {
          "fill": "rgb(255, 255, 255)"
        }
      ],
      "properties": {
        "order": 4,
        "id": 56,
        "name": "adress",
        "prevSize": 32,
        "code": 59648
      },
      "setIdx": 0,
      "setId": 2,
      "iconIdx": 0
    },
    {
      "icon": {
        "paths": [
          "M512 0c-281.6 0-512 230.4-512 512s230.4 512 512 512 512-230.4 512-512-230.4-512-512-512zM739.2 588.8c48 0 48 67.2 0 67.2h-195.2v156.8c0 48-67.2 48-67.2 0v-156.8h-192c-48 0-48-67.2 0-67.2h188.8v-73.6h-188.8c-48 0-48-67.2 0-67.2h153.6l-166.4-217.6c-32-38.4 22.4-80 51.2-41.6l185.6 240 185.6-240c28.8-38.4 83.2 3.2 54.4 41.6l-169.6 217.6h160c48 0 48 67.2 0 67.2h-195.2v73.6l195.2-0z"
        ],
        "attrs": [
          {
            "fill": "rgb(142, 180, 229)"
          }
        ],
        "isMulticolor": false,
        "isMulticolor2": false,
        "grid": 0,
        "tags": [
          "amount"
        ],
        "colorPermutations": {
          "110113224211031969311311401671142180229115315315312436601255255255125574911431372251": [
            {
              "f": 8
            }
          ]
        }
      },
      "attrs": [
        {
          "fill": "rgb(142, 180, 229)"
        }
      ],
      "properties": {
        "order": 5,
        "id": 55,
        "name": "amount",
        "prevSize": 32,
        "code": 59649
      },
      "setIdx": 0,
      "setId": 2,
      "iconIdx": 1
    },
    {
      "icon": {
        "paths": [
          "M134.4 540.8l377.6 483.2 377.6-483.2h-236.8v-320h-281.6v320z",
          "M371.2 105.6h281.6v51.2h-281.6v-51.2z",
          "M371.2 0h281.6v57.6h-281.6v-57.6z"
        ],
        "attrs": [
          {
            "fill": "rgb(255, 74, 91)"
          },
          {
            "fill": "rgb(255, 74, 91)"
          },
          {
            "fill": "rgb(255, 74, 91)"
          }
        ],
        "isMulticolor": false,
        "isMulticolor2": false,
        "grid": 0,
        "tags": [
          "ask"
        ],
        "colorPermutations": {
          "110113224211031969311311401671142180229115315315312436601255255255125574911431372251": [
            {
              "f": 6
            },
            {
              "f": 6
            },
            {
              "f": 6
            }
          ]
        }
      },
      "attrs": [
        {
          "fill": "rgb(255, 74, 91)"
        },
        {
          "fill": "rgb(255, 74, 91)"
        },
        {
          "fill": "rgb(255, 74, 91)"
        }
      ],
      "properties": {
        "order": 6,
        "id": 54,
        "name": "ask",
        "prevSize": 32,
        "code": 59650
      },
      "setIdx": 0,
      "setId": 2,
      "iconIdx": 2
    },
    {
      "icon": {
        "paths": [
          "M432 499.2l-28.8 64-28.8-64h-60.8l44.8 83.2h-38.4v25.6h57.6v16h-57.6v28.8h57.6v35.2h51.2v-35.2h54.4v-28.8h-54.4v-16h54.4v-28.8h-35.2l44.8-83.2h-60.8z",
          "M512 0c-281.6 0-512 230.4-512 512s230.4 512 512 512c281.6 0 512-230.4 512-512s-230.4-512-512-512zM857.6 492.8c0 12.8 0 25.6 0 41.6 0 12.8-9.6 22.4-22.4 22.4-48 0-96 0-144 0-6.4 0-6.4 0-6.4-6.4-3.2-25.6-9.6-48-16-73.6 0-3.2-3.2-3.2-3.2-6.4 25.6 0 48 0 73.6 0 32 0 64 0 96 0 12.8 0 22.4 6.4 22.4 22.4zM816 662.4c0 12.8-9.6 19.2-19.2 19.2-41.6 0-86.4 0-131.2 0 6.4-16 12.8-32 16-48 3.2-9.6 3.2-22.4 6.4-32 0-3.2 0-6.4 6.4-6.4 35.2 0 70.4 0 105.6 0 9.6 0 19.2 9.6 19.2 19.2-3.2 19.2-3.2 35.2-3.2 48zM646.4 425.6c-3.2 0-6.4 0-9.6-3.2-22.4-32-48-57.6-80-80 0 0 0 0-3.2-3.2 25.6 0 48 0 70.4 0 41.6 0 83.2 0 121.6 0 16 0 22.4 9.6 22.4 22.4s0 28.8 0 41.6c0 12.8-9.6 22.4-22.4 22.4-28.8 0-64 0-99.2 0zM342.4 233.6c0-12.8 9.6-22.4 22.4-22.4 144 0 284.8 0 428.8 0 16 0 22.4 9.6 22.4 22.4s0 25.6 0 41.6c0 16-9.6 22.4-22.4 22.4-70.4 0-144 0-214.4 0s-140.8 0-211.2 0c-16 0-25.6-9.6-25.6-25.6 0-12.8 0-25.6 0-38.4zM403.2 812.8c-131.2 0-236.8-105.6-236.8-236.8s105.6-236.8 240-236.8c128 0 233.6 108.8 233.6 236.8 0 131.2-105.6 236.8-236.8 236.8zM857.6 790.4c0 12.8-9.6 22.4-22.4 22.4-92.8 0-185.6 0-278.4 0 0 0 0 0-3.2 0 16-9.6 28.8-19.2 38.4-28.8 16-16 32-32 44.8-51.2 3.2-3.2 3.2-3.2 9.6-3.2 60.8 0 124.8 0 185.6 0 16 0 25.6 6.4 25.6 25.6 0 9.6 0 22.4 0 35.2z",
          "M403.2 384c-105.6 0-195.2 86.4-195.2 192s86.4 195.2 192 195.2c108.8 0 195.2-86.4 195.2-195.2 3.2-105.6-86.4-192-192-192zM403.2 748.8c-96 0-172.8-76.8-172.8-176 0-92.8 80-169.6 172.8-169.6 96 0 172.8 76.8 172.8 172.8s-80 172.8-172.8 172.8z"
        ],
        "attrs": [
          {
            "fill": "rgb(142, 180, 229)"
          },
          {
            "fill": "rgb(142, 180, 229)"
          },
          {
            "fill": "rgb(142, 180, 229)"
          }
        ],
        "isMulticolor": false,
        "isMulticolor2": false,
        "grid": 0,
        "tags": [
          "assets"
        ],
        "colorPermutations": {
          "110113224211031969311311401671142180229115315315312436601255255255125574911431372251": [
            {
              "f": 8
            },
            {
              "f": 8
            },
            {
              "f": 8
            }
          ]
        }
      },
      "attrs": [
        {
          "fill": "rgb(142, 180, 229)"
        },
        {
          "fill": "rgb(142, 180, 229)"
        },
        {
          "fill": "rgb(142, 180, 229)"
        }
      ],
      "properties": {
        "order": 7,
        "id": 53,
        "name": "assets",
        "prevSize": 32,
        "code": 59651
      },
      "setIdx": 0,
      "setId": 2,
      "iconIdx": 3
    },
    {
      "icon": {
        "paths": [
          "M803.2 585.6c-3.2 0-6.4 0-9.6 0 0 0 0 0 0 0-32-22.4-67.2-38.4-108.8-54.4 0 0 0 0 0 0 73.6-54.4 121.6-140.8 121.6-236.8 0-163.2-131.2-294.4-294.4-294.4-160-0-291.2 131.2-291.2 294.4 0 99.2 48 185.6 121.6 240 0 0 0 0 0 0-339.2 121.6-339.2 486.4-339.2 486.4h73.6c0 0 38.4-438.4 438.4-438.4 70.4 0 128 12.8 176 35.2-64 38.4-105.6 108.8-105.6 185.6 0 121.6 99.2 217.6 217.6 217.6 54.4 0 102.4-19.2 140.8-51.2 25.6-22.4 48-48 60.8-80 12.8-25.6 19.2-57.6 19.2-86.4 0-118.4-99.2-217.6-220.8-217.6zM515.2 515.2c-121.6 0-220.8-99.2-220.8-220.8s99.2-220.8 220.8-220.8c121.6 0 220.8 99.2 220.8 220.8s-99.2 220.8-220.8 220.8zM764.8 947.2c-51.2-54.4-108.8-92.8-150.4-105.6l96-51.2 48 80c0 0 76.8-160 195.2-214.4-3.2 38.4-16 70.4 6.4 112-51.2 9.6-160 124.8-195.2 179.2z"
        ],
        "attrs": [
          {
            "fill": "rgb(255, 255, 255)"
          }
        ],
        "isMulticolor": false,
        "isMulticolor2": false,
        "grid": 0,
        "tags": [
          "Authentication"
        ],
        "colorPermutations": {
          "110113224211031969311311401671142180229115315315312436601255255255125574911431372251": [
            {
              "f": 9
            }
          ]
        }
      },
      "attrs": [
        {
          "fill": "rgb(255, 255, 255)"
        }
      ],
      "properties": {
        "order": 8,
        "id": 52,
        "name": "Authentication",
        "prevSize": 32,
        "code": 59652
      },
      "setIdx": 0,
      "setId": 2,
      "iconIdx": 4
    },
    {
      "icon": {
        "paths": [
          "M905.6 483.2l-377.6-483.2-377.6 483.2h236.8v320h281.6v-320z",
          "M387.2 867.2h281.6v51.2h-281.6v-51.2z",
          "M387.2 966.4h281.6v57.6h-281.6v-57.6z"
        ],
        "attrs": [
          {
            "fill": "rgb(103, 196, 93)"
          },
          {
            "fill": "rgb(103, 196, 93)"
          },
          {
            "fill": "rgb(103, 196, 93)"
          }
        ],
        "isMulticolor": false,
        "isMulticolor2": false,
        "grid": 0,
        "tags": [
          "buy"
        ],
        "colorPermutations": {
          "110113224211031969311311401671142180229115315315312436601255255255125574911431372251": [
            {
              "f": 3
            },
            {
              "f": 3
            },
            {
              "f": 3
            }
          ]
        }
      },
      "attrs": [
        {
          "fill": "rgb(103, 196, 93)"
        },
        {
          "fill": "rgb(103, 196, 93)"
        },
        {
          "fill": "rgb(103, 196, 93)"
        }
      ],
      "properties": {
        "order": 9,
        "id": 51,
        "name": "buy",
        "prevSize": 32,
        "code": 59653
      },
      "setIdx": 0,
      "setId": 2,
      "iconIdx": 5
    },
    {
      "icon": {
        "paths": [
          "M512 256c64 0 115.2-51.2 115.2-115.2s-51.2-115.2-115.2-115.2-115.2 51.2-115.2 115.2 51.2 115.2 115.2 115.2zM512 70.4c38.4 0 70.4 32 70.4 70.4s-32 70.4-70.4 70.4-70.4-32-70.4-70.4 32-70.4 70.4-70.4z",
          "M115.2 256c64 0 115.2-51.2 115.2-115.2s-51.2-118.4-115.2-118.4-115.2 54.4-115.2 118.4 51.2 115.2 115.2 115.2zM115.2 70.4c38.4 0 70.4 32 70.4 70.4s-32 70.4-70.4 70.4-70.4-32-70.4-70.4 32-70.4 70.4-70.4z",
          "M908.8 1001.6c64 0 115.2-51.2 115.2-115.2s-51.2-118.4-115.2-118.4-115.2 51.2-115.2 115.2c-3.2 64 51.2 118.4 115.2 118.4zM908.8 816c38.4 0 70.4 32 70.4 70.4s-32 70.4-70.4 70.4-70.4-32-70.4-70.4 32-70.4 70.4-70.4z",
          "M115.2 627.2c64 0 115.2-51.2 115.2-115.2s-51.2-115.2-115.2-115.2-115.2 51.2-115.2 115.2 51.2 115.2 115.2 115.2zM115.2 441.6c38.4 0 70.4 32 70.4 70.4s-32 70.4-70.4 70.4-70.4-32-70.4-70.4 32-70.4 70.4-70.4z",
          "M908.8 256c64 0 115.2-51.2 115.2-115.2s-51.2-115.2-115.2-115.2-115.2 51.2-115.2 115.2 51.2 115.2 115.2 115.2zM908.8 70.4c38.4 0 70.4 32 70.4 70.4s-32 70.4-70.4 70.4-70.4-32-70.4-70.4 32-70.4 70.4-70.4z",
          "M512 627.2c64 0 115.2-51.2 115.2-115.2s-51.2-115.2-115.2-115.2-115.2 51.2-115.2 115.2c0 64 51.2 115.2 115.2 115.2zM512 441.6c38.4 0 70.4 32 70.4 70.4s-32 70.4-70.4 70.4-70.4-32-70.4-70.4 32-70.4 70.4-70.4z",
          "M908.8 627.2c64 0 115.2-51.2 115.2-115.2s-51.2-115.2-115.2-115.2-118.4 51.2-118.4 115.2 54.4 115.2 118.4 115.2zM908.8 441.6c38.4 0 70.4 32 70.4 70.4s-32 70.4-70.4 70.4-70.4-32-70.4-70.4 32-70.4 70.4-70.4z",
          "M512 1001.6c64 0 115.2-51.2 115.2-115.2s-51.2-118.4-115.2-118.4-115.2 51.2-115.2 115.2c0 64 51.2 118.4 115.2 118.4zM512 816c38.4 0 70.4 32 70.4 70.4s-32 70.4-70.4 70.4-70.4-32-70.4-70.4 32-70.4 70.4-70.4z",
          "M115.2 1001.6c64 0 115.2-51.2 115.2-115.2s-51.2-118.4-115.2-118.4-115.2 51.2-115.2 115.2 51.2 118.4 115.2 118.4zM115.2 816c38.4 0 70.4 32 70.4 70.4s-32 70.4-70.4 70.4-70.4-32-70.4-70.4 32-70.4 70.4-70.4z"
        ],
        "attrs": [
          {
            "fill": "rgb(131, 140, 167)"
          },
          {
            "fill": "rgb(131, 140, 167)"
          },
          {
            "fill": "rgb(131, 140, 167)"
          },
          {
            "fill": "rgb(131, 140, 167)"
          },
          {
            "fill": "rgb(131, 140, 167)"
          },
          {
            "fill": "rgb(131, 140, 167)"
          },
          {
            "fill": "rgb(131, 140, 167)"
          },
          {
            "fill": "rgb(131, 140, 167)"
          },
          {
            "fill": "rgb(131, 140, 167)"
          }
        ],
        "isMulticolor": false,
        "isMulticolor2": false,
        "grid": 0,
        "tags": [
          "code"
        ],
        "colorPermutations": {
          "110113224211031969311311401671142180229115315315312436601255255255125574911431372251": [
            {
              "f": 4
            },
            {
              "f": 4
            },
            {
              "f": 4
            },
            {
              "f": 4
            },
            {
              "f": 4
            },
            {
              "f": 4
            },
            {
              "f": 4
            },
            {
              "f": 4
            },
            {
              "f": 4
            }
          ]
        }
      },
      "attrs": [
        {
          "fill": "rgb(131, 140, 167)"
        },
        {
          "fill": "rgb(131, 140, 167)"
        },
        {
          "fill": "rgb(131, 140, 167)"
        },
        {
          "fill": "rgb(131, 140, 167)"
        },
        {
          "fill": "rgb(131, 140, 167)"
        },
        {
          "fill": "rgb(131, 140, 167)"
        },
        {
          "fill": "rgb(131, 140, 167)"
        },
        {
          "fill": "rgb(131, 140, 167)"
        },
        {
          "fill": "rgb(131, 140, 167)"
        }
      ],
      "properties": {
        "order": 10,
        "id": 50,
        "name": "code",
        "prevSize": 32,
        "code": 59654
      },
      "setIdx": 0,
      "setId": 2,
      "iconIdx": 6
    },
    {
      "icon": {
        "paths": [
          "M982.4 313.6c-25.6-60.8-64-115.2-108.8-163.2-48-48-102.4-83.2-163.2-108.8-60.8-28.8-128-41.6-198.4-41.6s-137.6 12.8-198.4 41.6c-60.8 25.6-115.2 64-163.2 108.8-48 48-83.2 102.4-108.8 163.2-28.8 60.8-41.6 128-41.6 198.4s12.8 137.6 41.6 198.4c25.6 60.8 64 115.2 108.8 163.2 48 48 102.4 83.2 163.2 108.8 64 25.6 131.2 41.6 198.4 41.6s137.6-12.8 198.4-41.6c60.8-25.6 115.2-64 163.2-108.8 48-48 83.2-102.4 108.8-163.2 25.6-64 41.6-131.2 41.6-198.4s-12.8-137.6-41.6-198.4zM764.8 550.4l25.6 54.4-48 41.6 3.2 16c3.2 19.2 9.6 41.6 9.6 54.4-3.2 3.2-9.6 6.4-16 12.8-9.6 9.6-25.6 22.4-41.6 35.2-3.2-9.6-6.4-25.6-9.6-41.6-6.4-32-9.6-60.8-9.6-60.8v-6.4l-25.6-89.6-60.8 9.6-35.2-28.8 28.8-44.8-6.4-60.8c9.6-9.6 22.4-22.4 25.6-25.6 16-6.4 16-25.6 19.2-32 0-6.4 3.2-16 3.2-25.6s0-19.2 0-25.6l48-51.2 188.8-57.6c54.4 64 89.6 147.2 99.2 233.6l-147.2 3.2-51.2 89.6zM803.2 758.4c0 0 0 0 0 0s0 0 0 0zM160 224c3.2 3.2 3.2 9.6 6.4 12.8 9.6 28.8 22.4 57.6 44.8 70.4 12.8 6.4 57.6 25.6 92.8 38.4-9.6 9.6-22.4 25.6-35.2 38.4-54.4 64-67.2 92.8-64 112-6.4 3.2-16 9.6-28.8 12.8l-51.2-83.2-41.6-48c12.8-54.4 41.6-108.8 76.8-153.6zM307.2 918.4l-3.2-86.4 25.6-99.2-28.8-67.2 6.4-16 48 19.2 89.6 64-67.2 48-48 147.2c-6.4-3.2-16-6.4-22.4-9.6v0zM512 966.4c-44.8 0-86.4-6.4-128-19.2l44.8-131.2 118.4-83.2-163.2-115.2-108.8-41.6-35.2 89.6 32 73.6-22.4 86.4 3.2 54.4c-118.4-80-195.2-214.4-195.2-368 0-22.4 0-41.6 3.2-64l9.6 12.8 76.8 115.2 19.2-3.2c0 0 16-3.2 32-9.6 25.6-9.6 44.8-22.4 54.4-35.2 6.4-9.6 9.6-22.4 6.4-32 3.2-6.4 12.8-25.6 57.6-76.8 28.8-32 57.6-60.8 57.6-60.8l32-32-41.6-16c-41.6-16-108.8-41.6-124.8-51.2-6.4-6.4-16-28.8-19.2-41.6-6.4-12.8-12.8-28.8-16-38.4 80-76.8 188.8-121.6 310.4-121.6 118.4 0 227.2 44.8 307.2 118.4l-169.6 57.6-76.8 80v9.6c0 19.2-3.2 41.6-3.2 54.4-6.4 6.4-19.2 16-38.4 35.2l-9.6 9.6 6.4 70.4-44.8 73.6 92.8 80 35.2-6.4 9.6 38.4c0 6.4 6.4 35.2 9.6 67.2 12.8 70.4 22.4 86.4 32 96 3.2 3.2 12.8 9.6 22.4 9.6 6.4 0 9.6 0 16-3.2 3.2 0 6.4-3.2 9.6-6.4 6.4-3.2 12.8-9.6 19.2-16 16-12.8 32-28.8 48-41.6 9.6-9.6 19.2-19.2 22.4-19.2 6.4-3.2 12.8-12.8 12.8-28.8 0-3.2 0-6.4 0-12.8s-3.2-16-3.2-25.6c0-6.4-3.2-12.8-3.2-19.2l57.6-48-32-67.2 19.2-35.2 115.2-3.2c-6.4 240-208 441.6-457.6 441.6v0z"
        ],
        "attrs": [
          {
            "fill": "rgb(131, 140, 167)"
          }
        ],
        "isMulticolor": false,
        "isMulticolor2": false,
        "grid": 0,
        "tags": [
          "Country"
        ],
        "colorPermutations": {
          "110113224211031969311311401671142180229115315315312436601255255255125574911431372251": [
            {
              "f": 4
            }
          ]
        }
      },
      "attrs": [
        {
          "fill": "rgb(131, 140, 167)"
        }
      ],
      "properties": {
        "order": 11,
        "id": 49,
        "name": "Country",
        "prevSize": 32,
        "code": 59655
      },
      "setIdx": 0,
      "setId": 2,
      "iconIdx": 7
    },
    {
      "icon": {
        "paths": [
          "M512 89.6c16 0 28.8 3.2 35.2 6.4l339.2 169.6-339.2 169.6c-6.4 3.2-19.2 6.4-35.2 6.4s-28.8-3.2-35.2-6.4l-339.2-169.6 339.2-169.6c6.4-3.2 19.2-6.4 35.2-6.4zM512 9.6c-25.6 0-51.2 6.4-70.4 16l-409.6 204.8c-38.4 19.2-38.4 51.2 0 70.4l409.6 204.8c19.2 9.6 44.8 16 70.4 16s51.2-6.4 70.4-16l409.6-204.8c38.4-19.2 38.4-51.2 0-70.4l-409.6-204.8c-19.2-12.8-44.8-16-70.4-16z",
          "M512 771.2c-32 0-64-6.4-89.6-19.2l-400-201.6c-19.2-9.6-28.8-32-19.2-54.4 9.6-19.2 32-28.8 54.4-19.2l403.2 201.6c28.8 12.8 76.8 12.8 105.6 0l400-198.4c19.2-9.6 41.6-3.2 54.4 19.2s3.2 41.6-19.2 54.4l-403.2 201.6c-25.6 9.6-54.4 16-86.4 16v0z",
          "M512 1014.4c-32 0-64-6.4-89.6-19.2l-400-201.6c-19.2-9.6-28.8-32-19.2-51.2s32-28.8 54.4-19.2l403.2 201.6c28.8 12.8 76.8 12.8 105.6 0l403.2-201.6c19.2-9.6 41.6-3.2 54.4 19.2 9.6 19.2 3.2 41.6-19.2 54.4l-403.2 201.6c-25.6 9.6-57.6 16-89.6 16v0z"
        ],
        "attrs": [
          {
            "fill": "rgb(101, 132, 242)"
          },
          {
            "fill": "rgb(101, 132, 242)"
          },
          {
            "fill": "rgb(101, 132, 242)"
          }
        ],
        "isMulticolor": false,
        "isMulticolor2": false,
        "grid": 0,
        "tags": [
          "data"
        ],
        "colorPermutations": {
          "110113224211031969311311401671142180229115315315312436601255255255125574911431372251": [
            {
              "f": 7
            },
            {
              "f": 7
            },
            {
              "f": 7
            }
          ]
        }
      },
      "attrs": [
        {
          "fill": "rgb(101, 132, 242)"
        },
        {
          "fill": "rgb(101, 132, 242)"
        },
        {
          "fill": "rgb(101, 132, 242)"
        }
      ],
      "properties": {
        "order": 12,
        "id": 48,
        "name": "data",
        "prevSize": 32,
        "code": 59656
      },
      "setIdx": 0,
      "setId": 2,
      "iconIdx": 8
    },
    {
      "icon": {
        "paths": [
          "M12.8 307.2l470.4 467.2c0 0 3.2 0 3.2 0s0 0 0 0c16 16 44.8 16 60.8 0l464-467.2c16-16 16-44.8 0-60.8-9.6-9.6-19.2-12.8-28.8-12.8s-22.4 3.2-28.8 12.8l-438.4 441.6-441.6-441.6c-9.6-6.4-19.2-9.6-32-9.6-9.6 0-22.4 3.2-28.8 12.8-16 16-16 41.6 0 57.6v0z"
        ],
        "attrs": [
          {
            "fill": "rgb(101, 132, 242)"
          }
        ],
        "isMulticolor": false,
        "isMulticolor2": false,
        "grid": 0,
        "tags": [
          "down"
        ],
        "colorPermutations": {
          "110113224211031969311311401671142180229115315315312436601255255255125574911431372251": [
            {
              "f": 7
            }
          ]
        }
      },
      "attrs": [
        {
          "fill": "rgb(101, 132, 242)"
        }
      ],
      "properties": {
        "order": 13,
        "id": 47,
        "name": "down",
        "prevSize": 32,
        "code": 59657
      },
      "setIdx": 0,
      "setId": 2,
      "iconIdx": 9
    },
    {
      "icon": {
        "paths": [
          "M409.6 614.4c6.4 6.4 16 16 28.8 16 16 0 22.4-6.4 28.8-6.4l550.4-556.8c0-6.4 6.4-22.4 6.4-28.8s-6.4-22.4-6.4-28.8c-16 0-22.4-6.4-28.8-6.4s-22.4 6.4-28.8 6.4l-550.4 553.6c-16 16-16 35.2 0 51.2v0zM988.8 307.2c-22.4 0-35.2 16-35.2 35.2v547.2c0 28.8-22.4 57.6-57.6 57.6h-764.8c-35.2 0-57.6-28.8-57.6-57.6v-758.4c0-35.2 22.4-57.6 57.6-57.6h518.4c22.4 0 35.2-16 35.2-35.2s-12.8-38.4-35.2-38.4h-553.6c-51.2 0-96 44.8-96 96v825.6c0 57.6 44.8 102.4 96 102.4h825.6c51.2 0 96-44.8 96-96v-585.6c6.4-19.2-9.6-35.2-28.8-35.2v0z"
        ],
        "attrs": [
          {
            "fill": "rgb(101, 132, 242)"
          }
        ],
        "isMulticolor": false,
        "isMulticolor2": false,
        "grid": 0,
        "tags": [
          "edit"
        ],
        "colorPermutations": {
          "110113224211031969311311401671142180229115315315312436601255255255125574911431372251": [
            {
              "f": 7
            }
          ]
        }
      },
      "attrs": [
        {
          "fill": "rgb(101, 132, 242)"
        }
      ],
      "properties": {
        "order": 14,
        "id": 46,
        "name": "edit",
        "prevSize": 32,
        "code": 59658
      },
      "setIdx": 0,
      "setId": 2,
      "iconIdx": 10
    },
    {
      "icon": {
        "paths": [
          "M934.4 128h-844.8c-48 0-89.6 41.6-89.6 89.6v588.8c0 48 41.6 89.6 89.6 89.6h844.8c48 0 89.6-41.6 89.6-89.6v-588.8c0-48-41.6-89.6-89.6-89.6zM512 576l-403.2-387.2h803.2l-400 387.2zM934.4 835.2h-844.8c-16 0-28.8-12.8-28.8-28.8v-579.2l428.8 412.8c6.4 6.4 12.8 9.6 22.4 9.6 6.4 0 9.6 0 12.8-3.2 3.2 0 9.6-3.2 12.8-6.4l425.6-416v582.4c0 16-12.8 28.8-28.8 28.8z"
        ],
        "attrs": [
          {
            "fill": "rgb(131, 140, 167)"
          }
        ],
        "isMulticolor": false,
        "isMulticolor2": false,
        "grid": 0,
        "tags": [
          "email"
        ],
        "colorPermutations": {
          "110113224211031969311311401671142180229115315315312436601255255255125574911431372251": [
            {
              "f": 4
            }
          ]
        }
      },
      "attrs": [
        {
          "fill": "rgb(131, 140, 167)"
        }
      ],
      "properties": {
        "order": 15,
        "id": 45,
        "name": "email",
        "prevSize": 32,
        "code": 59659
      },
      "setIdx": 0,
      "setId": 2,
      "iconIdx": 11
    },
    {
      "icon": {
        "paths": [
          "M512 1024c-281.6 0-512-230.4-512-512s230.4-512 512-512 512 230.4 512 512-230.4 512-512 512zM512 950.4c240 0 438.4-198.4 438.4-438.4s-198.4-438.4-438.4-438.4-438.4 198.4-438.4 438.4 198.4 438.4 438.4 438.4zM512 256c22.4 0 35.2 16 35.2 35.2v291.2c0 22.4-16 35.2-35.2 35.2s-35.2-16-35.2-35.2v-291.2c0-19.2 12.8-35.2 35.2-35.2zM512 768c-22.4 0-35.2-16-35.2-35.2s16-35.2 35.2-35.2 35.2 16 35.2 35.2-12.8 35.2-35.2 35.2z"
        ],
        "attrs": [
          {}
        ],
        "isMulticolor": false,
        "isMulticolor2": false,
        "grid": 0,
        "tags": [
          "error"
        ],
        "colorPermutations": {
          "110113224211031969311311401671142180229115315315312436601255255255125574911431372251": [
            {}
          ]
        }
      },
      "attrs": [
        {}
      ],
      "properties": {
        "order": 16,
        "id": 44,
        "name": "error",
        "prevSize": 32,
        "code": 59660
      },
      "setIdx": 0,
      "setId": 2,
      "iconIdx": 12
    },
    {
      "icon": {
        "paths": [
          "M1014.4 969.6l-256-252.8c67.2-73.6 105.6-172.8 105.6-284.8 0-240-195.2-432-432-432-240 3.2-432 198.4-432 435.2 0 240 195.2 432 432 432 108.8 0 208-38.4 284.8-105.6l256 252.8c9.6 9.6 32 9.6 41.6 0 12.8-16 12.8-32 0-44.8zM57.6 435.2c0-204.8 166.4-374.4 374.4-374.4s374.4 166.4 374.4 374.4c0 99.2-38.4 192-102.4 259.2-3.2 0-3.2 3.2-6.4 3.2-3.2 3.2-3.2 3.2-3.2 6.4-67.2 64-160 102.4-259.2 102.4-208 3.2-377.6-166.4-377.6-371.2z"
        ],
        "attrs": [
          {
            "fill": "rgb(131, 140, 167)"
          }
        ],
        "isMulticolor": false,
        "isMulticolor2": false,
        "grid": 0,
        "tags": [
          "find"
        ],
        "colorPermutations": {
          "110113224211031969311311401671142180229115315315312436601255255255125574911431372251": [
            {
              "f": 4
            }
          ]
        }
      },
      "attrs": [
        {
          "fill": "rgb(131, 140, 167)"
        }
      ],
      "properties": {
        "order": 17,
        "id": 43,
        "name": "find",
        "prevSize": 32,
        "code": 59661
      },
      "setIdx": 0,
      "setId": 2,
      "iconIdx": 13
    },
    {
      "icon": {
        "paths": [
          "M512 0c-281.6 0-512 230.4-512 512s230.4 512 512 512 512-230.4 512-512-230.4-512-512-512zM512 960c-249.6 0-448-198.4-448-448s198.4-448 448-448 448 198.4 448 448-198.4 448-448 448z",
          "M467.2 748.8h89.6v89.6h-89.6c0 0 0-89.6 0-89.6z",
          "M512 185.6c-57.6 0-108.8 12.8-140.8 44.8s-57.6 76.8-64 134.4l76.8 12.8c6.4-44.8 19.2-76.8 44.8-96s51.2-32 83.2-32 64 12.8 89.6 32c25.6 25.6 38.4 51.2 38.4 83.2 0 19.2-6.4 32-12.8 51.2-12.8 12.8-25.6 32-57.6 57.6-25.6 19.2-44.8 38.4-51.2 51.2-19.2 19.2-25.6 32-32 51.2-6.4 25.6-12.8 51.2-12.8 83.2 0 6.4 0 12.8 0 25.6h76.8c0-32 0-51.2 6.4-70.4s6.4-32 12.8-38.4c6.4-12.8 25.6-25.6 51.2-51.2 38.4-32 64-64 76.8-83.2s19.2-51.2 19.2-76.8c0-51.2-19.2-89.6-57.6-121.6-32-38.4-83.2-57.6-147.2-57.6z"
        ],
        "attrs": [
          {
            "fill": "rgb(255, 255, 255)"
          },
          {
            "fill": "rgb(255, 255, 255)"
          },
          {
            "fill": "rgb(255, 255, 255)"
          }
        ],
        "isMulticolor": false,
        "isMulticolor2": false,
        "grid": 0,
        "tags": [
          "help-1"
        ],
        "colorPermutations": {
          "110113224211031969311311401671142180229115315315312436601255255255125574911431372251": [
            {
              "f": 9
            },
            {
              "f": 9
            },
            {
              "f": 9
            }
          ]
        }
      },
      "attrs": [
        {
          "fill": "rgb(255, 255, 255)"
        },
        {
          "fill": "rgb(255, 255, 255)"
        },
        {
          "fill": "rgb(255, 255, 255)"
        }
      ],
      "properties": {
        "order": 18,
        "id": 42,
        "name": "help-1",
        "prevSize": 32,
        "code": 59662
      },
      "setIdx": 0,
      "setId": 2,
      "iconIdx": 14
    },
    {
      "icon": {
        "paths": [
          "M512 0c-281.6 0-512 230.4-512 512s230.4 512 512 512 512-230.4 512-512-230.4-512-512-512zM563.2 870.4h-102.4v-102.4h102.4v102.4zM668.8 473.6l-44.8 48c-38.4 38.4-60.8 67.2-60.8 144h-102.4v-25.6c0-57.6 22.4-108.8 60.8-144l64-64c19.2-19.2 28.8-44.8 28.8-73.6 0-57.6-44.8-102.4-102.4-102.4s-102.4 44.8-102.4 102.4h-102.4c0-112 92.8-204.8 204.8-204.8s204.8 92.8 204.8 204.8c0 41.6-16 83.2-48 115.2v0z"
        ],
        "attrs": [
          {
            "fill": "rgb(142, 180, 229)"
          }
        ],
        "isMulticolor": false,
        "isMulticolor2": false,
        "grid": 0,
        "tags": [
          "help-2"
        ],
        "colorPermutations": {
          "110113224211031969311311401671142180229115315315312436601255255255125574911431372251": [
            {
              "f": 8
            }
          ]
        }
      },
      "attrs": [
        {
          "fill": "rgb(142, 180, 229)"
        }
      ],
      "properties": {
        "order": 19,
        "id": 41,
        "name": "help-2",
        "prevSize": 32,
        "code": 59663
      },
      "setIdx": 0,
      "setId": 2,
      "iconIdx": 15
    },
    {
      "icon": {
        "paths": [
          "M512 0c-281.6 0-512 230.4-512 512s230.4 512 512 512 512-230.4 512-512-230.4-512-512-512zM915.2 681.6c-92.8 224-352 326.4-572.8 233.6s-326.4-352-233.6-572.8 352-326.4 572.8-233.6c192 80 300.8 288 259.2 489.6-3.2 28.8-12.8 57.6-25.6 83.2v0z",
          "M547.2 496v-275.2c0-19.2-16-35.2-35.2-35.2s-35.2 16-35.2 35.2v307.2l230.4 230.4c12.8 12.8 38.4 12.8 51.2 0s12.8-38.4 0-51.2l-211.2-211.2z"
        ],
        "attrs": [
          {
            "fill": "rgb(101, 132, 242)"
          },
          {
            "fill": "rgb(101, 132, 242)"
          }
        ],
        "isMulticolor": false,
        "isMulticolor2": false,
        "grid": 0,
        "tags": [
          "history"
        ],
        "colorPermutations": {
          "110113224211031969311311401671142180229115315315312436601255255255125574911431372251": [
            {
              "f": 7
            },
            {
              "f": 7
            }
          ]
        }
      },
      "attrs": [
        {
          "fill": "rgb(101, 132, 242)"
        },
        {
          "fill": "rgb(101, 132, 242)"
        }
      ],
      "properties": {
        "order": 20,
        "id": 40,
        "name": "history",
        "prevSize": 32,
        "code": 59664
      },
      "setIdx": 0,
      "setId": 2,
      "iconIdx": 16
    },
    {
      "icon": {
        "paths": [
          "M614.4 784c0-22.4-16-67.2-67.2-67.2h-67.2c-44.8 0-67.2 32-67.2 67.2 0 243.2 0 204.8 0 204.8h-160c-67.2 0-118.4-57.6-118.4-115.2v-320h-76.8c-32 0-48-22.4-54.4-38.4-3.2-3.2-12.8-32 25.6-73.6l400-374.4c19.2-22.4 48-35.2 76.8-35.2s57.6 12.8 80 35.2l409.6 374.4c0 0 0 0 0 0 38.4 38.4 28.8 70.4 25.6 76.8-6.4 16-22.4 38.4-54.4 38.4h-76.8v320c0 57.6-54.4 115.2-118.4 115.2h-156.8c-0-3.2-0-3.2-0-208z"
        ],
        "attrs": [
          {}
        ],
        "isMulticolor": false,
        "isMulticolor2": false,
        "grid": 0,
        "tags": [
          "home"
        ],
        "colorPermutations": {
          "110113224211031969311311401671142180229115315315312436601255255255125574911431372251": [
            {}
          ]
        }
      },
      "attrs": [
        {}
      ],
      "properties": {
        "order": 21,
        "id": 39,
        "name": "home",
        "prevSize": 32,
        "code": 59665
      },
      "setIdx": 0,
      "setId": 2,
      "iconIdx": 17
    },
    {
      "icon": {
        "paths": [
          "M1020.8 448v-9.6c0-3.2 0-3.2-3.2-6.4 0 0 0-3.2-3.2-3.2 0-3.2-3.2-3.2-3.2-3.2l-3.2-3.2-80-64v-211.2c0-54.4-44.8-99.2-99.2-99.2h-262.4l-38.4-35.2c-12.8-9.6-28.8-9.6-38.4 0l-38.4 35.2h-259.2c-57.6 0-99.2 48-99.2 99.2v208l-83.2 70.4-6.4 6.4c0 0 0 3.2-3.2 3.2 0 3.2 0 3.2 0 6.4v489.6c0 44.8 38.4 86.4 86.4 86.4h854.4c44.8 0 86.4-38.4 86.4-86.4l-6.4-483.2zM937.6 448l-9.6 6.4v-16l9.6 9.6zM150.4 147.2c0-22.4 16-38.4 38.4-38.4h640c22.4 0 38.4 16 38.4 38.4v339.2l-358.4 211.2-358.4-211.2v-339.2zM92.8 435.2v16l-9.6-6.4 9.6-9.6zM960 931.2c0 16-12.8 25.6-25.6 25.6h-851.2c-16 0-25.6-12.8-25.6-25.6v-425.6l9.6 6.4 425.6 252.8c9.6 6.4 22.4 6.4 32 0l435.2-256v422.4z"
        ],
        "attrs": [
          {
            "fill": "rgb(131, 140, 167)"
          }
        ],
        "isMulticolor": false,
        "isMulticolor2": false,
        "grid": 0,
        "tags": [
          "Invitation"
        ],
        "colorPermutations": {
          "110113224211031969311311401671142180229115315315312436601255255255125574911431372251": [
            {
              "f": 4
            }
          ]
        }
      },
      "attrs": [
        {
          "fill": "rgb(131, 140, 167)"
        }
      ],
      "properties": {
        "order": 22,
        "id": 38,
        "name": "Invitation",
        "prevSize": 32,
        "code": 59666
      },
      "setIdx": 0,
      "setId": 2,
      "iconIdx": 18
    },
    {
      "icon": {
        "paths": [
          "M512 1024c-281.6 0-512-230.4-512-512s230.4-512 512-512 512 230.4 512 512-230.4 512-512 512zM512 70.4c-243.2 0-441.6 198.4-441.6 441.6s198.4 441.6 441.6 441.6 441.6-198.4 441.6-441.6-198.4-441.6-441.6-441.6z",
          "M470.4 716.8c-9.6 0-19.2-3.2-25.6-9.6l-144-144c-12.8-16-12.8-38.4 0-51.2s35.2-12.8 51.2 0l144 144c12.8 12.8 12.8 35.2 0 51.2-6.4 6.4-16 9.6-25.6 9.6z",
          "M470.4 716.8c-9.6 0-19.2-3.2-25.6-9.6-12.8-12.8-12.8-35.2 0-51.2l307.2-307.2c12.8-12.8 35.2-12.8 51.2 0 12.8 12.8 12.8 35.2 0 51.2l-307.2 307.2c-6.4 6.4-16 9.6-25.6 9.6z"
        ],
        "attrs": [
          {
            "fill": "rgb(101, 132, 242)"
          },
          {
            "fill": "rgb(101, 132, 242)"
          },
          {
            "fill": "rgb(101, 132, 242)"
          }
        ],
        "isMulticolor": false,
        "isMulticolor2": false,
        "grid": 0,
        "tags": [
          "ischoice"
        ],
        "colorPermutations": {
          "110113224211031969311311401671142180229115315315312436601255255255125574911431372251": [
            {
              "f": 7
            },
            {
              "f": 7
            },
            {
              "f": 7
            }
          ]
        }
      },
      "attrs": [
        {
          "fill": "rgb(101, 132, 242)"
        },
        {
          "fill": "rgb(101, 132, 242)"
        },
        {
          "fill": "rgb(101, 132, 242)"
        }
      ],
      "properties": {
        "order": 23,
        "id": 37,
        "name": "ischoice",
        "prevSize": 32,
        "code": 59667
      },
      "setIdx": 0,
      "setId": 2,
      "iconIdx": 19
    },
    {
      "icon": {
        "paths": [
          "M128 64c-35.2 0-64 28.8-64 64v768c0 35.2 28.8 64 64 64h768c35.2 0 64-28.8 64-64v-768c0-35.2-28.8-64-64-64h-768zM128 0h768c70.4 0 128 57.6 128 128v768c0 70.4-57.6 128-128 128h-768c-70.4 0-128-57.6-128-128v-768c0-70.4 57.6-128 128-128z",
          "M678.4 364.8c9.6-12.8 32-16 44.8-6.4s16 32 6.4 44.8c0 0 0 0-3.2 3.2l-217.6 256c-12.8 12.8-32 16-44.8 3.2 0 0 0 0-3.2 0l-166.4-163.2c-12.8-12.8-12.8-32-3.2-44.8 12.8-12.8 32-12.8 44.8-3.2 0 0 0 0 3.2 3.2l144 137.6c3.2-3.2 195.2-230.4 195.2-230.4z"
        ],
        "attrs": [
          {
            "fill": "rgb(101, 132, 242)"
          },
          {
            "fill": "rgb(101, 132, 242)"
          }
        ],
        "isMulticolor": false,
        "isMulticolor2": false,
        "grid": 0,
        "tags": [
          "ischoice2"
        ],
        "colorPermutations": {
          "110113224211031969311311401671142180229115315315312436601255255255125574911431372251": [
            {
              "f": 7
            },
            {
              "f": 7
            }
          ]
        }
      },
      "attrs": [
        {
          "fill": "rgb(101, 132, 242)"
        },
        {
          "fill": "rgb(101, 132, 242)"
        }
      ],
      "properties": {
        "order": 24,
        "id": 36,
        "name": "ischoice2",
        "prevSize": 32,
        "code": 59668
      },
      "setIdx": 0,
      "setId": 2,
      "iconIdx": 20
    },
    {
      "icon": {
        "paths": [
          "M899.2 848c80-92.8 124.8-211.2 124.8-336 0-137.6-54.4-265.6-150.4-361.6s-220.8-147.2-355.2-150.4c-3.2 0-12.8 0-12.8 0-134.4 3.2-259.2 54.4-355.2 150.4s-147.2 220.8-150.4 355.2c0 3.2 0 9.6 0 12.8 0 134.4 54.4 262.4 150.4 358.4s224 150.4 361.6 150.4c137.6 0 265.6-54.4 361.6-150.4 6.4-6.4 12.8-12.8 19.2-22.4 3.2-3.2 3.2-3.2 6.4-6.4-3.2 3.2-3.2 0 0 0zM48 534.4h214.4c0 76.8 9.6 147.2 25.6 208-70.4 19.2-115.2 44.8-137.6 60.8-60.8-73.6-99.2-166.4-102.4-268.8zM150.4 220.8c22.4 16 67.2 41.6 137.6 60.8-16 60.8-22.4 131.2-25.6 204.8h-214.4c6.4-99.2 41.6-192 102.4-265.6zM976 486.4h-214.4c-3.2-73.6-9.6-144-25.6-204.8 70.4-19.2 115.2-44.8 140.8-60.8 57.6 73.6 92.8 166.4 99.2 265.6zM713.6 486.4h-179.2v-176c60.8 0 112-6.4 153.6-16 16 57.6 25.6 124.8 25.6 192zM534.4 262.4v-211.2c41.6 12.8 83.2 54.4 115.2 124.8 9.6 22.4 19.2 44.8 25.6 70.4-38.4 9.6-86.4 12.8-140.8 16zM486.4 51.2v211.2c-54.4 0-102.4-6.4-140.8-16 6.4-25.6 16-48 25.6-70.4 35.2-67.2 73.6-112 115.2-124.8zM486.4 307.2v179.2h-179.2c0-70.4 9.6-134.4 25.6-195.2 44.8 9.6 96 16 153.6 16zM310.4 534.4h179.2v182.4c-57.6 0-108.8 6.4-153.6 16-16-60.8-25.6-128-25.6-198.4zM486.4 764.8v211.2c-41.6-12.8-83.2-57.6-115.2-124.8-9.6-22.4-19.2-44.8-25.6-70.4 41.6-9.6 86.4-16 140.8-16zM534.4 972.8v-211.2c54.4 0 102.4 6.4 140.8 16-6.4 25.6-16 48-25.6 70.4-32 70.4-73.6 115.2-115.2 124.8zM534.4 716.8v-182.4h179.2c0 70.4-9.6 137.6-25.6 198.4-41.6-9.6-92.8-16-153.6-16zM761.6 534.4h214.4c-6.4 102.4-41.6 195.2-102.4 268.8-22.4-16-67.2-41.6-137.6-60.8 16-60.8 22.4-131.2 25.6-208zM844.8 185.6c-22.4 12.8-60.8 35.2-121.6 51.2-22.4-73.6-51.2-131.2-89.6-172.8 80 22.4 153.6 64 211.2 121.6zM390.4 64c-35.2 41.6-67.2 99.2-89.6 172.8-60.8-16-99.2-38.4-118.4-51.2 54.4-57.6 128-99.2 208-121.6zM182.4 838.4c22.4-12.8 60.8-32 118.4-51.2 22.4 70.4 51.2 131.2 89.6 172.8-80-22.4-153.6-64-208-121.6zM633.6 960c35.2-41.6 67.2-99.2 89.6-172.8 60.8 16 99.2 35.2 118.4 48-54.4 60.8-128 102.4-208 124.8z"
        ],
        "attrs": [
          {}
        ],
        "isMulticolor": false,
        "isMulticolor2": false,
        "grid": 0,
        "tags": [
          "lan"
        ],
        "colorPermutations": {
          "110113224211031969311311401671142180229115315315312436601255255255125574911431372251": [
            {}
          ]
        }
      },
      "attrs": [
        {}
      ],
      "properties": {
        "order": 25,
        "id": 35,
        "name": "lan",
        "prevSize": 32,
        "code": 59669
      },
      "setIdx": 0,
      "setId": 2,
      "iconIdx": 21
    },
    {
      "icon": {
        "paths": [
          "M278.4 1024c-25.6 0-48-22.4-48-48 0-12.8 6.4-25.6 12.8-32l435.2-432-432-432c-19.2-19.2-19.2-48 0-67.2s48-19.2 64 0l467.2 467.2c19.2 19.2 19.2 48 0 67.2l-464 464c-9.6 6.4-22.4 12.8-35.2 12.8z"
        ],
        "attrs": [
          {
            "fill": "rgb(255, 255, 255)"
          }
        ],
        "isMulticolor": false,
        "isMulticolor2": false,
        "grid": 0,
        "tags": [
          "left"
        ],
        "colorPermutations": {
          "110113224211031969311311401671142180229115315315312436601255255255125574911431372251": [
            {
              "f": 9
            }
          ]
        }
      },
      "attrs": [
        {
          "fill": "rgb(255, 255, 255)"
        }
      ],
      "properties": {
        "order": 26,
        "id": 34,
        "name": "left",
        "prevSize": 32,
        "code": 59670
      },
      "setIdx": 0,
      "setId": 2,
      "iconIdx": 22
    },
    {
      "icon": {
        "paths": [
          "M796.8 678.4c-64 0-118.4 35.2-147.2 83.2l-284.8-153.6c22.4-28.8 35.2-64 35.2-105.6 0-32-9.6-64-25.6-89.6l272-160c28.8 54.4 86.4 92.8 150.4 92.8 96 0 172.8-76.8 172.8-172.8s-76.8-172.8-172.8-172.8-172.8 76.8-172.8 172.8c0 12.8 3.2 28.8 6.4 41.6l-281.6 166.4c-32-32-73.6-48-121.6-48-96 0-172.8 76.8-172.8 172.8s76.8 172.8 172.8 172.8c38.4 0 76.8-12.8 105.6-35.2l300.8 163.2c-3.2 16-9.6 32-9.6 48 0 96 76.8 172.8 172.8 172.8s172.8-76.8 172.8-172.8-76.8-176-172.8-176zM796.8 86.4c48 0 86.4 38.4 86.4 86.4s-38.4 86.4-86.4 86.4c-48 0-86.4-38.4-86.4-86.4s38.4-86.4 86.4-86.4zM227.2 588.8c-48 0-86.4-38.4-86.4-86.4s38.4-86.4 86.4-86.4 86.4 38.4 86.4 86.4c0 48-38.4 86.4-86.4 86.4zM796.8 937.6c-48 0-86.4-38.4-86.4-86.4s38.4-86.4 86.4-86.4c48 0 86.4 38.4 86.4 86.4s-38.4 86.4-86.4 86.4z"
        ],
        "attrs": [
          {
            "fill": "rgb(255, 255, 255)"
          }
        ],
        "isMulticolor": false,
        "isMulticolor2": false,
        "grid": 0,
        "tags": [
          "link"
        ],
        "colorPermutations": {
          "110113224211031969311311401671142180229115315315312436601255255255125574911431372251": [
            {
              "f": 9
            }
          ]
        }
      },
      "attrs": [
        {
          "fill": "rgb(255, 255, 255)"
        }
      ],
      "properties": {
        "order": 27,
        "id": 33,
        "name": "link",
        "prevSize": 32,
        "code": 59671
      },
      "setIdx": 0,
      "setId": 2,
      "iconIdx": 23
    },
    {
      "icon": {
        "paths": [
          "M646.4 124.8c0 68.925-55.875 124.8-124.8 124.8s-124.8-55.875-124.8-124.8c0-68.925 55.875-124.8 124.8-124.8s124.8 55.875 124.8 124.8z",
          "M316.8 281.6c0 58.321-47.279 105.6-105.6 105.6s-105.6-47.279-105.6-105.6c0-58.321 47.279-105.6 105.6-105.6s105.6 47.279 105.6 105.6z",
          "M172.8 556.8c0 42.415-34.385 76.8-76.8 76.8s-76.8-34.385-76.8-76.8c0-42.415 34.385-76.8 76.8-76.8s76.8 34.385 76.8 76.8z",
          "M304 832c0 31.812-25.788 57.6-57.6 57.6s-57.6-25.788-57.6-57.6c0-31.812 25.788-57.6 57.6-57.6s57.6 25.788 57.6 57.6z",
          "M566.4 947.2c0 24.742-20.058 44.8-44.8 44.8s-44.8-20.058-44.8-44.8c0-24.742 20.058-44.8 44.8-44.8s44.8 20.058 44.8 44.8z",
          "M835.2 832c0 21.208-17.192 38.4-38.4 38.4s-38.4-17.192-38.4-38.4c0-21.208 17.192-38.4 38.4-38.4s38.4 17.192 38.4 38.4z",
          "M979.2 553.6c0 17.673-14.327 32-32 32s-32-14.327-32-32c0-17.673 14.327-32 32-32s32 14.327 32 32z",
          "M825.6 275.2c0 15.906-12.894 28.8-28.8 28.8s-28.8-12.894-28.8-28.8c0-15.906 12.894-28.8 28.8-28.8s28.8 12.894 28.8 28.8z"
        ],
        "attrs": [
          {
            "fill": "rgb(0, 0, 0)"
          },
          {
            "fill": "rgb(0, 0, 0)",
            "opacity": 0.8
          },
          {
            "fill": "rgb(0, 0, 0)",
            "opacity": 0.7
          },
          {
            "fill": "rgb(0, 0, 0)",
            "opacity": 0.6
          },
          {
            "fill": "rgb(0, 0, 0)",
            "opacity": 0.5
          },
          {
            "fill": "rgb(0, 0, 0)",
            "opacity": 0.4
          },
          {
            "fill": "rgb(0, 0, 0)",
            "opacity": 0.3
          },
          {
            "fill": "rgb(0, 0, 0)",
            "opacity": 0.2
          }
        ],
        "isMulticolor": true,
        "isMulticolor2": true,
        "grid": 0,
        "tags": [
          "loading"
        ],
        "colorPermutations": {
          "110113224211031969311311401671142180229115315315312436601255255255125574911431372251": [
            {
              "f": 0
            },
            {
              "f": 0
            },
            {
              "f": 0
            },
            {
              "f": 0
            },
            {
              "f": 0
            },
            {
              "f": 0
            },
            {
              "f": 0
            },
            {
              "f": 0
            }
          ]
        }
      },
      "attrs": [
        {
          "fill": "rgb(0, 0, 0)"
        },
        {
          "fill": "rgb(0, 0, 0)",
          "opacity": 0.8
        },
        {
          "fill": "rgb(0, 0, 0)",
          "opacity": 0.7
        },
        {
          "fill": "rgb(0, 0, 0)",
          "opacity": 0.6
        },
        {
          "fill": "rgb(0, 0, 0)",
          "opacity": 0.5
        },
        {
          "fill": "rgb(0, 0, 0)",
          "opacity": 0.4
        },
        {
          "fill": "rgb(0, 0, 0)",
          "opacity": 0.3
        },
        {
          "fill": "rgb(0, 0, 0)",
          "opacity": 0.2
        }
      ],
      "properties": {
        "order": 28,
        "id": 32,
        "name": "loading",
        "prevSize": 32,
        "code": 59672,
        "codes": [
          59672,
          59673,
          59674,
          59675,
          59676,
          59677,
          59678,
          59679
        ]
      },
      "setIdx": 0,
      "setId": 2,
      "iconIdx": 24
    },
    {
      "icon": {
        "paths": [
          "M227.2 1001.6c-9.6 0-22.4-3.2-32-9.6-16-12.8-25.6-32-22.4-51.2l48-288-204.8-204.8c-16-12.8-19.2-35.2-12.8-54.4s22.4-32 41.6-35.2l291.2-41.6 131.2-262.4c9.6-19.2 25.6-28.8 48-28.8 19.2 0 38.4 9.6 48 28.8l131.2 262.4 291.2 41.6c19.2 3.2 35.2 16 41.6 35.2s0 38.4-12.8 54.4l-211.2 204.8 48 288c3.2 19.2-3.2 38.4-22.4 51.2-9.6 6.4-19.2 9.6-32 9.6 0 0 0 0 0 0-9.6 0-16-3.2-25.6-6.4l-259.2-137.6-259.2 137.6c-6.4 3.2-16 6.4-25.6 6.4zM512 64c-3.2 0-6.4 3.2-9.6 6.4l-140.8 281.6-313.6 44.8c-3.2 0-6.4 3.2-6.4 6.4s0 6.4 3.2 9.6l227.2 220.8-54.4 310.4c0 3.2 0 6.4 3.2 9.6v0c3.2 3.2 6.4 6.4 6.4 6.4s3.2 0 3.2 0l278.4-147.2 278.4 147.2c0 0 3.2 0 3.2 0s3.2 0 6.4-3.2c3.2-3.2 3.2-6.4 3.2-9.6l-54.4-310.4 227.2-220.8c3.2-3.2 3.2-6.4 3.2-9.6v0c0-3.2-6.4-6.4-6.4-6.4l-313.6-44.8-140.8-284.8c3.2-3.2 0-6.4-3.2-6.4z"
        ],
        "attrs": [
          {
            "fill": "rgb(101, 132, 242)"
          }
        ],
        "isMulticolor": false,
        "isMulticolor2": false,
        "grid": 0,
        "tags": [
          "market-false"
        ],
        "colorPermutations": {
          "110113224211031969311311401671142180229115315315312436601255255255125574911431372251": [
            {
              "f": 7
            }
          ]
        }
      },
      "attrs": [
        {
          "fill": "rgb(101, 132, 242)"
        }
      ],
      "properties": {
        "order": 29,
        "id": 31,
        "name": "market-false",
        "prevSize": 32,
        "code": 59680
      },
      "setIdx": 0,
      "setId": 2,
      "iconIdx": 25
    },
    {
      "icon": {
        "paths": [
          "M512 35.2c-12.8 0-22.4 3.2-32 12.8-6.4 6.4-12.8 16-16 28.8l-118.4 272-313.6 25.6c-6.4 0-12.8 3.2-19.2 9.6s-9.6 12.8-12.8 22.4c0 9.6 0 19.2 6.4 28.8s12.8 16 22.4 25.6l12.8 9.6 22.4 22.4c9.6 9.6 22.4 19.2 35.2 28.8l41.6 35.2c32 25.6 67.2 57.6 108.8 92.8l-35.2 140.8c-6.4 19.2-9.6 35.2-12.8 54.4-3.2 16-9.6 32-12.8 48s-6.4 25.6-9.6 38.4l-6.4 19.2c0 6.4 0 12.8 3.2 19.2s6.4 9.6 12.8 16c6.4 3.2 12.8 6.4 19.2 6.4 0 0 3.2 0 3.2 0 6.4 0 9.6 0 16-3.2 3.2 0 9.6-6.4 19.2-9.6 9.6-6.4 22.4-12.8 35.2-19.2 12.8-9.6 28.8-16 44.8-25.6s32-19.2 51.2-28.8c38.4-22.4 83.2-48 131.2-76.8l265.6 153.6 16 6.4c6.4 3.2 12.8 3.2 16 3.2 9.6 0 19.2-3.2 28.8-6.4s12.8-12.8 9.6-25.6c0-3.2-3.2-9.6-3.2-19.2l-6.4-44.8c-3.2-16-6.4-32-9.6-51.2s-6.4-35.2-12.8-54.4c-9.6-44.8-19.2-92.8-32-144l211.2-188.8c9.6-9.6 16-19.2 22.4-25.6s9.6-16 9.6-25.6c0-9.6-3.2-16-9.6-22.4-6.4-3.2-16-9.6-28.8-12.8l-313.6-25.6-115.2-272c0-3.2-3.2-6.4-6.4-9.6s-6.4-9.6-9.6-12.8c-3.2-3.2-6.4-6.4-12.8-9.6-3.2-3.2-9.6-6.4-16-6.4z"
        ],
        "attrs": [
          {
            "fill": "rgb(101, 132, 242)"
          }
        ],
        "isMulticolor": false,
        "isMulticolor2": false,
        "grid": 0,
        "tags": [
          "market-true"
        ],
        "colorPermutations": {
          "110113224211031969311311401671142180229115315315312436601255255255125574911431372251": [
            {
              "f": 7
            }
          ]
        }
      },
      "attrs": [
        {
          "fill": "rgb(101, 132, 242)"
        }
      ],
      "properties": {
        "order": 30,
        "id": 30,
        "name": "market-true",
        "prevSize": 32,
        "code": 59681
      },
      "setIdx": 0,
      "setId": 2,
      "iconIdx": 26
    },
    {
      "icon": {
        "paths": [
          "M140.8 835.2h102.4c19.2 0 32-12.8 32-32v-451.2c0-19.2-12.8-32-32-32h-102.4c-19.2 0-32 12.8-32 32v451.2c-0 19.2 12.8 32 32 32v0zM464 835.2h102.4c19.2 0 32-22.4 32-48v-659.2c0-25.6-12.8-48-32-48h-102.4c-19.2 0-32 22.4-32 48v659.2c0 28.8 16 48 32 48v0zM787.2 835.2h102.4c19.2 0 32-19.2 32-44.8v-611.2c0-25.6-12.8-44.8-32-44.8h-102.4c-19.2 0-32 19.2-32 44.8v614.4c3.2 22.4 16 41.6 32 41.6v0zM0 889.6h1024v54.4h-1024v-54.4z"
        ],
        "attrs": [
          {
            "fill": "rgb(255, 255, 255)"
          }
        ],
        "isMulticolor": false,
        "isMulticolor2": false,
        "grid": 0,
        "tags": [
          "market"
        ],
        "colorPermutations": {
          "110113224211031969311311401671142180229115315315312436601255255255125574911431372251": [
            {
              "f": 9
            }
          ]
        }
      },
      "attrs": [
        {
          "fill": "rgb(255, 255, 255)"
        }
      ],
      "properties": {
        "order": 31,
        "id": 29,
        "name": "market",
        "prevSize": 32,
        "code": 59682
      },
      "setIdx": 0,
      "setId": 2,
      "iconIdx": 27
    },
    {
      "icon": {
        "paths": [
          "M960 576h-896c-35.2 0-64-28.8-64-64s28.8-64 64-64h896c35.2 0 64 28.8 64 64s-28.8 64-64 64zM960 198.4h-896c-35.2 0-64-28.8-64-64s28.8-64 64-64h896c35.2 0 64 28.8 64 64s-28.8 64-64 64zM64 822.4h896c35.2 0 64 28.8 64 64s-28.8 64-64 64h-896c-35.2 0-64-28.8-64-64s28.8-64 64-64z"
        ],
        "attrs": [
          {
            "fill": "rgb(101, 132, 242)"
          }
        ],
        "isMulticolor": false,
        "isMulticolor2": false,
        "grid": 0,
        "tags": [
          "menu"
        ],
        "colorPermutations": {
          "110113224211031969311311401671142180229115315315312436601255255255125574911431372251": [
            {
              "f": 7
            }
          ]
        }
      },
      "attrs": [
        {
          "fill": "rgb(101, 132, 242)"
        }
      ],
      "properties": {
        "order": 32,
        "id": 28,
        "name": "menu",
        "prevSize": 32,
        "code": 59683
      },
      "setIdx": 0,
      "setId": 2,
      "iconIdx": 28
    },
    {
      "icon": {
        "paths": [
          "M457.6 992c-35.2-32-70.4-64-112-99.2-38.4-35.2-73.6-64-108.8-92.8-38.4-32-76.8-64-115.2-96-6.4 0-16 0-22.4 0s-12.8 0-19.2 0h-16c-19.2 0-32-6.4-44.8-16-12.8-12.8-19.2-25.6-19.2-41.6v-259.2c0-19.2 6.4-35.2 19.2-48s25.6-19.2 44.8-19.2h57.6c64-54.4 118.4-102.4 169.6-144 22.4-19.2 44.8-35.2 64-54.4 22.4-16 41.6-32 57.6-48 16-12.8 32-25.6 41.6-35.2 12.8-9.6 19.2-16 22.4-16 19.2-16 38.4-22.4 51.2-19.2 12.8 0 22.4 6.4 28.8 19.2 6.4 9.6 12.8 25.6 16 38.4 3.2 16 3.2 32 3.2 44.8v828.8c0 12.8-3.2 25.6-6.4 41.6s-12.8 25.6-22.4 35.2c-9.6 9.6-22.4 12.8-38.4 9.6-12.8-3.2-32-12.8-51.2-28.8zM787.2 384c12.8 19.2 25.6 38.4 35.2 60.8 9.6 19.2 12.8 44.8 12.8 73.6s-3.2 51.2-12.8 73.6c-9.6 22.4-19.2 41.6-35.2 60.8-6.4 6.4-12.8 12.8-16 19.2-6.4 6.4-12.8 9.6-22.4 9.6-12.8 0-22.4-3.2-32-12.8s-12.8-19.2-12.8-32c0-6.4 0-9.6 3.2-16v0c3.2-6.4 6.4-16 12.8-22.4 3.2-6.4 9.6-12.8 12.8-22.4 3.2-6.4 9.6-16 12.8-25.6s3.2-19.2 3.2-32c0-12.8 0-22.4-3.2-32s-6.4-16-12.8-25.6c-3.2-6.4-9.6-16-12.8-22.4s-9.6-12.8-12.8-22.4c-3.2-6.4-3.2-9.6-3.2-16 0-12.8 3.2-22.4 12.8-32s19.2-12.8 32-12.8c9.6 0 16 3.2 22.4 9.6 6.4 3.2 9.6 9.6 16 19.2zM844.8 841.6c-9.6 6.4-19.2 9.6-28.8 9.6-12.8 0-25.6-6.4-35.2-16s-16-22.4-16-35.2c0-16 6.4-28.8 16-38.4 0 0 0 0 3.2 0 0 0 0 0 3.2 0v0c19.2-12.8 38.4-28.8 54.4-44.8 16-19.2 32-38.4 41.6-57.6 12.8-19.2 22.4-41.6 28.8-67.2 6.4-22.4 9.6-48 9.6-73.6 0-51.2-12.8-99.2-38.4-140.8s-57.6-76.8-96-105.6c-12.8-9.6-22.4-22.4-22.4-41.6 0-12.8 6.4-25.6 16-35.2s22.4-16 35.2-16c12.8 0 22.4 3.2 32 12.8 25.6 19.2 48 38.4 70.4 60.8s41.6 48 57.6 76.8c16 28.8 28.8 57.6 38.4 89.6s12.8 64 12.8 96c0 35.2-3.2 67.2-12.8 99.2s-22.4 60.8-38.4 89.6c-16 28.8-35.2 54.4-57.6 76.8s-48 44.8-73.6 60.8z"
        ],
        "attrs": [
          {
            "fill": "rgb(131, 140, 167)"
          }
        ],
        "isMulticolor": false,
        "isMulticolor2": false,
        "grid": 0,
        "tags": [
          "new"
        ],
        "colorPermutations": {
          "110113224211031969311311401671142180229115315315312436601255255255125574911431372251": [
            {
              "f": 4
            }
          ]
        }
      },
      "attrs": [
        {
          "fill": "rgb(131, 140, 167)"
        }
      ],
      "properties": {
        "order": 33,
        "id": 27,
        "name": "new",
        "prevSize": 32,
        "code": 59684
      },
      "setIdx": 0,
      "setId": 2,
      "iconIdx": 29
    },
    {
      "icon": {
        "paths": [
          "M512 73.6c240 0 438.4 198.4 438.4 438.4s-198.4 438.4-438.4 438.4-438.4-198.4-438.4-438.4 198.4-438.4 438.4-438.4zM512 0c-284.8 0-512 227.2-512 512s227.2 512 512 512 512-227.2 512-512-227.2-512-512-512z"
        ],
        "attrs": [
          {
            "fill": "rgb(101, 132, 242)"
          }
        ],
        "isMulticolor": false,
        "isMulticolor2": false,
        "grid": 0,
        "tags": [
          "nochoice"
        ],
        "colorPermutations": {
          "110113224211031969311311401671142180229115315315312436601255255255125574911431372251": [
            {
              "f": 7
            }
          ]
        }
      },
      "attrs": [
        {
          "fill": "rgb(101, 132, 242)"
        }
      ],
      "properties": {
        "order": 34,
        "id": 26,
        "name": "nochoice",
        "prevSize": 32,
        "code": 59685
      },
      "setIdx": 0,
      "setId": 2,
      "iconIdx": 30
    },
    {
      "icon": {
        "paths": [
          "M128 64c-35.2 0-64 28.8-64 64v768c0 35.2 28.8 64 64 64h768c35.2 0 64-28.8 64-64v-768c0-35.2-28.8-64-64-64h-768zM128 0h768c70.4 0 128 57.6 128 128v768c0 70.4-57.6 128-128 128h-768c-70.4 0-128-57.6-128-128v-768c0-70.4 57.6-128 128-128z"
        ],
        "attrs": [
          {
            "fill": "rgb(101, 132, 242)"
          }
        ],
        "isMulticolor": false,
        "isMulticolor2": false,
        "grid": 0,
        "tags": [
          "nochoince2"
        ],
        "colorPermutations": {
          "110113224211031969311311401671142180229115315315312436601255255255125574911431372251": [
            {
              "f": 7
            }
          ]
        }
      },
      "attrs": [
        {
          "fill": "rgb(101, 132, 242)"
        }
      ],
      "properties": {
        "order": 35,
        "id": 25,
        "name": "nochoince2",
        "prevSize": 32,
        "code": 59686
      },
      "setIdx": 0,
      "setId": 2,
      "iconIdx": 31
    },
    {
      "icon": {
        "paths": [
          "M512 1027.2c-281.6 0-512-230.4-512-512s230.4-512 512-512c281.6 0 512 230.4 512 512s-230.4 512-512 512v0zM512 76.8c-243.2 0-438.4 195.2-438.4 438.4s195.2 438.4 438.4 438.4c243.2 0 438.4-195.2 438.4-438.4s-195.2-438.4-438.4-438.4v0z",
          "M563.2 515.2l156.8-156.8c12.8-12.8 16-38.4 0-51.2-12.8-12.8-38.4-16-51.2 0l-156.8 156.8-156.8-156.8c-12.8-12.8-38.4-12.8-51.2 0s-12.8 38.4 0 51.2l156.8 156.8-156.8 156.8c-12.8 12.8-16 38.4 0 51.2 6.4 6.4 16 9.6 25.6 9.6s19.2-3.2 25.6-9.6l156.8-156.8 160 160c6.4 6.4 16 9.6 25.6 9.6s19.2-3.2 25.6-9.6c12.8-12.8 12.8-38.4 0-51.2l-160-160z"
        ],
        "attrs": [
          {
            "fill": "rgb(131, 140, 167)"
          },
          {
            "fill": "rgb(131, 140, 167)"
          }
        ],
        "isMulticolor": false,
        "isMulticolor2": false,
        "grid": 0,
        "tags": [
          "none-1"
        ],
        "colorPermutations": {
          "110113224211031969311311401671142180229115315315312436601255255255125574911431372251": [
            {
              "f": 4
            },
            {
              "f": 4
            }
          ]
        }
      },
      "attrs": [
        {
          "fill": "rgb(131, 140, 167)"
        },
        {
          "fill": "rgb(131, 140, 167)"
        }
      ],
      "properties": {
        "order": 36,
        "id": 24,
        "name": "none-1",
        "prevSize": 32,
        "code": 59687
      },
      "setIdx": 0,
      "setId": 2,
      "iconIdx": 32
    },
    {
      "icon": {
        "paths": [
          "M1004.8 108.8l-896 896c-25.6 25.6-64 25.6-89.6 0s-25.6-64 0-89.6l896-896c25.6-25.6 64-25.6 89.6 0s25.6 64 0 89.6z",
          "M1004.8 1004.8c-25.6 25.6-64 25.6-89.6 0l-896-896c-25.6-25.6-25.6-64 0-89.6s64-25.6 89.6 0l896 896c25.6 25.6 25.6 64 0 89.6z"
        ],
        "attrs": [
          {
            "fill": "rgb(131, 140, 167)"
          },
          {
            "fill": "rgb(131, 140, 167)"
          }
        ],
        "isMulticolor": false,
        "isMulticolor2": false,
        "grid": 0,
        "tags": [
          "none-2"
        ],
        "colorPermutations": {
          "110113224211031969311311401671142180229115315315312436601255255255125574911431372251": [
            {
              "f": 4
            },
            {
              "f": 4
            }
          ]
        }
      },
      "attrs": [
        {
          "fill": "rgb(131, 140, 167)"
        },
        {
          "fill": "rgb(131, 140, 167)"
        }
      ],
      "properties": {
        "order": 37,
        "id": 23,
        "name": "none-2",
        "prevSize": 32,
        "code": 59688
      },
      "setIdx": 0,
      "setId": 2,
      "iconIdx": 33
    },
    {
      "icon": {
        "paths": [
          "M160 691.2l140.8-140.8c-9.6-22.4-12.8-48-12.8-73.6 0-112 92.8-204.8 204.8-204.8 25.6 0 51.2 6.4 73.6 12.8l105.6-105.6c-57.6-19.2-118.4-32-179.2-32-217.6 6.4-422.4 140.8-492.8 329.6 32 83.2 86.4 156.8 160 214.4z",
          "M364.8 476.8v6.4l128-128h-6.4c-64 0-121.6 54.4-121.6 121.6zM816 265.6l208-208-57.6-57.6-956.8 956.8 57.6 57.6 246.4-246.4c57.6 22.4 115.2 32 176 32 211.2 0 419.2-134.4 489.6-326.4-32-80-89.6-153.6-163.2-208v0zM489.6 681.6c-25.6 0-51.2-6.4-73.6-12.8l67.2-67.2h6.4c67.2 0 121.6-54.4 121.6-121.6v-6.4l67.2-67.2c6.4 25.6 12.8 51.2 12.8 76.8 0 105.6-92.8 198.4-201.6 198.4z"
        ],
        "attrs": [
          {
            "fill": "rgb(101, 132, 242)"
          },
          {
            "fill": "rgb(101, 132, 242)"
          }
        ],
        "isMulticolor": false,
        "isMulticolor2": false,
        "grid": 0,
        "tags": [
          "nosee"
        ],
        "colorPermutations": {
          "110113224211031969311311401671142180229115315315312436601255255255125574911431372251": [
            {
              "f": 7
            },
            {
              "f": 7
            }
          ]
        }
      },
      "attrs": [
        {
          "fill": "rgb(101, 132, 242)"
        },
        {
          "fill": "rgb(101, 132, 242)"
        }
      ],
      "properties": {
        "order": 38,
        "id": 22,
        "name": "nosee",
        "prevSize": 32,
        "code": 59689
      },
      "setIdx": 0,
      "setId": 2,
      "iconIdx": 34
    },
    {
      "icon": {
        "paths": [
          "M640 1024c-9.6 0-16-3.2-22.4-9.6l-310.4-278.4h-179.2c-51.2 0-128-35.2-128-128v-192c0-51.2 35.2-128 128-128h179.2l310.4-278.4c9.6-9.6 22.4-12.8 35.2-6.4 12.8 3.2 19.2 16 19.2 28.8 0 0 0 0 0 0v960c0 12.8-6.4 25.6-19.2 28.8-3.2 3.2-9.6 3.2-12.8 3.2 0 0 0 0 0 0v0zM128 352c-60.8 0-64 54.4-64 64v192c0 60.8 54.4 64 64 64h192c6.4 0 16 3.2 22.4 9.6l265.6 240v-819.2l-265.6 240c-6.4 6.4-16 9.6-22.4 9.6h-192zM800 320c-9.6 0-16-3.2-22.4-9.6-12.8-12.8-12.8-32 0-44.8l128-128c12.8-12.8 32-12.8 44.8 0s12.8 32 0 44.8l-128 128c-6.4 6.4-12.8 9.6-22.4 9.6v0zM992 544h-192c-16 0-32-12.8-32-32s16-32 32-32h192c19.2 0 32 12.8 32 32s-12.8 32-32 32v0zM928 896c-9.6 0-16-3.2-22.4-9.6l-128-128c-12.8-12.8-12.8-32 0-44.8s32-12.8 44.8 0l128 128c12.8 12.8 12.8 32 0 44.8-6.4 6.4-12.8 9.6-22.4 9.6v0z"
        ],
        "attrs": [
          {
            "fill": "rgb(255, 255, 255)"
          }
        ],
        "isMulticolor": false,
        "isMulticolor2": false,
        "grid": 0,
        "tags": [
          "notice"
        ],
        "colorPermutations": {
          "110113224211031969311311401671142180229115315315312436601255255255125574911431372251": [
            {
              "f": 9
            }
          ]
        }
      },
      "attrs": [
        {
          "fill": "rgb(255, 255, 255)"
        }
      ],
      "properties": {
        "order": 39,
        "id": 21,
        "name": "notice",
        "prevSize": 32,
        "code": 59690
      },
      "setIdx": 0,
      "setId": 2,
      "iconIdx": 35
    },
    {
      "icon": {
        "paths": [
          "M835.2 563.2v-374.4c0-12.8-9.6-22.4-19.2-22.4h-83.2v83.2c0 22.4-19.2 41.6-41.6 41.6h-377.6c-22.4 0-41.6-19.2-41.6-41.6v-83.2h-83.2c-12.8 0-19.2 9.6-19.2 22.4v710.4c0 12.8 9.6 22.4 19.2 22.4h291.2c22.4 0 41.6 19.2 41.6 41.6s-19.2 41.6-41.6 41.6c0 0 0 0 0 0h-352c-22.4 0-41.6-19.2-41.6-41.6v-838.4c0-22.4 19.2-41.6 41.6-41.6 0 0 0 0 0 0h144v-41.6c0-22.4 19.2-41.6 41.6-41.6h374.4c22.4 0 41.6 19.2 41.6 41.6v41.6h144c22.4 0 41.6 19.2 41.6 41.6v438.4c0 22.4-19.2 41.6-41.6 41.6s-38.4-16-38.4-41.6zM355.2 105.6v83.2c0 12.8 9.6 19.2 22.4 19.2h249.6c12.8 0 19.2-9.6 22.4-19.2 0 0 0 0 0 0v-83.2c0-12.8-9.6-19.2-22.4-19.2h-249.6c-12.8-3.2-22.4 6.4-22.4 19.2 0 0 0 0 0 0zM230.4 438.4c0-22.4 19.2-41.6 41.6-41.6h457.6c22.4 0 41.6 19.2 41.6 41.6s-19.2 41.6-41.6 41.6h-457.6c-22.4 0-41.6-19.2-41.6-41.6 0 0 0 0 0 0zM230.4 774.4c0-22.4 19.2-41.6 41.6-41.6h166.4c22.4 0 41.6 19.2 41.6 41.6s-19.2 41.6-41.6 41.6c0 0 0 0 0 0h-166.4c-22.4 0-41.6-19.2-41.6-41.6 0 0 0 0 0 0zM230.4 604.8c0-22.4 19.2-41.6 41.6-41.6h227.2c22.4 0 41.6 19.2 41.6 41.6s-19.2 41.6-41.6 41.6h-227.2c-22.4 0-41.6-16-41.6-41.6v0zM921.6 784c9.6 0 16 6.4 16 16v32c0 9.6-6.4 16-16 16h-19.2c-9.6 0-19.2 6.4-19.2 16l-9.6 25.6c-3.2 6.4-3.2 19.2 3.2 25.6l12.8 12.8c6.4 6.4 6.4 16 0 22.4l-25.6 22.4c-6.4 6.4-16 6.4-22.4 0l-12.8-12.8c-6.4-6.4-19.2-6.4-25.6-3.2l-25.6 9.6c-9.6 3.2-16 12.8-16 22.4v19.2c0 9.6-6.4 16-16 16h-32c-9.6 0-16-6.4-16-16v-19.2c0-9.6-6.4-19.2-16-22.4l-25.6-9.6c-6.4-3.2-19.2-3.2-25.6 3.2l-12.8 12.8c-6.4 6.4-16 6.4-22.4 0l-22.4-22.4c-6.4-6.4-6.4-16 0-22.4l12.8-12.8c6.4-6.4 6.4-19.2 3.2-25.6l-9.6-25.6c-3.2-9.6-12.8-16-19.2-16h-19.2c-9.6 0-16-6.4-16-16v-32c0-9.6 6.4-16 16-16h19.2c9.6 0 19.2-6.4 19.2-16l9.6-25.6c3.2-6.4 3.2-19.2-3.2-25.6l-12.8-12.8c-6.4-6.4-6.4-16 0-22.4l22.4-22.4c6.4-6.4 16-6.4 22.4 0l12.8 12.8c6.4 6.4 16 6.4 25.6 3.2l25.6-9.6c9.6-3.2 16-12.8 16-22.4v-19.2c0-9.6 6.4-16 16-16h32c9.6 0 16 6.4 16 16v16c0 9.6 6.4 19.2 16 22.4l25.6 9.6c6.4 3.2 19.2 3.2 25.6-3.2l12.8-12.8c6.4-6.4 16-6.4 22.4 0l22.4 22.4c6.4 6.4 6.4 16 0 22.4l-12.8 12.8c-6.4 6.4-6.4 19.2-3.2 25.6l9.6 25.6c3.2 9.6 12.8 16 19.2 16l22.4 3.2zM809.6 812.8c0-44.8-35.2-80-80-80s-80 35.2-80 80c0 44.8 35.2 80 80 80 0 0 0 0 0 0 41.6 0 80-35.2 80-80 0 0 0 0 0 0v0z"
        ],
        "attrs": [
          {
            "fill": "rgb(255, 255, 255)"
          }
        ],
        "isMulticolor": false,
        "isMulticolor2": false,
        "grid": 0,
        "tags": [
          "Order"
        ],
        "colorPermutations": {
          "110113224211031969311311401671142180229115315315312436601255255255125574911431372251": [
            {
              "f": 9
            }
          ]
        }
      },
      "attrs": [
        {
          "fill": "rgb(255, 255, 255)"
        }
      ],
      "properties": {
        "order": 40,
        "id": 20,
        "name": "Order",
        "prevSize": 32,
        "code": 59691
      },
      "setIdx": 0,
      "setId": 2,
      "iconIdx": 36
    },
    {
      "icon": {
        "paths": [
          "M0 85.333v603.539c0 23.273 18.618 41.891 41.891 41.891h940.218c23.273 0 41.891-18.618 41.891-41.891v-603.539c0-23.273-18.618-41.891-41.891-41.891h-940.218c-23.273 0-41.891 18.618-41.891 41.891zM895.224 640.776h-766.448c-23.273 0-41.891-18.618-41.891-41.891v-428.218c0-23.273 18.618-41.891 41.891-41.891h768c23.273 0 41.891 18.618 41.891 41.891v426.667c0 24.824-20.17 43.442-43.442 43.442zM598.885 853.333c0-23.273-18.618-41.891-41.891-41.891h-89.988c-23.273 0-41.891 18.618-41.891 41.891s-18.618 41.891-41.891 41.891h-341.333c-23.273 0-41.891 18.618-41.891 41.891v1.552c0 23.273 18.618 41.891 41.891 41.891h940.218c23.273 0 41.891-18.618 41.891-41.891v-1.552c0-23.273-18.618-41.891-41.891-41.891h-341.333c-23.273 0-41.891-18.618-41.891-41.891v0z"
        ],
        "attrs": [
          {}
        ],
        "isMulticolor": false,
        "isMulticolor2": false,
        "grid": 0,
        "tags": [
          "otc_hall"
        ],
        "colorPermutations": {
          "110113224211031969311311401671142180229115315315312436601255255255125574911431372251": [
            {}
          ]
        }
      },
      "attrs": [
        {}
      ],
      "properties": {
        "order": 41,
        "id": 19,
        "name": "otc_hall",
        "prevSize": 32,
        "code": 59692
      },
      "setIdx": 0,
      "setId": 2,
      "iconIdx": 37
    },
    {
      "icon": {
        "paths": [
          "M1024 512c0 282.77-229.23 512-512 512s-512-229.23-512-512c0-282.77 229.23-512 512-512s512 229.23 512 512z",
          "M839.37 224.97c-6.206-12.412-20.17-15.515-31.030-10.861l-612.848 304.097c-12.412 6.206-15.515 20.17-10.861 32.582 1.552 3.103 3.103 4.655 4.655 7.758 3.103 1.552 6.206 4.655 9.309 4.655l204.8 65.164 32.582-38.788-169.115-52.752 462.352-231.176-245.139 299.442c-1.552 0-1.552 0-3.103 1.552l-27.927 35.685v147.394c0 12.412 9.309 23.273 23.273 23.273 12.412 0 23.273-9.309 23.273-23.273v-133.43l223.418 71.37c3.103 1.552 4.655 1.552 7.758 1.552 10.861 0 21.721-7.758 23.273-18.618l85.333-468.558c0-1.552 0-3.103 0-4.655 1.552-6.206 1.552-10.861 0-12.412v0zM713.697 674.909l-181.527-57.406 246.691-297.891-65.164 355.297z"
        ],
        "attrs": [
          {
            "fill": "rgb(43, 137, 225)"
          },
          {
            "fill": "rgb(24, 36, 60)"
          }
        ],
        "isMulticolor": true,
        "isMulticolor2": false,
        "grid": 0,
        "tags": [
          "otc_home1"
        ],
        "colorPermutations": {
          "110113224211031969311311401671142180229115315315312436601255255255125574911431372251": [
            {
              "f": 2
            },
            {
              "f": 1
            }
          ]
        }
      },
      "attrs": [
        {
          "fill": "rgb(43, 137, 225)"
        },
        {
          "fill": "rgb(24, 36, 60)"
        }
      ],
      "properties": {
        "order": 42,
        "id": 18,
        "name": "otc_home1",
        "prevSize": 32,
        "code": 59693,
        "codes": [
          59693,
          59694
        ]
      },
      "setIdx": 0,
      "setId": 2,
      "iconIdx": 38
    },
    {
      "icon": {
        "paths": [
          "M1024 512c0 282.77-229.23 512-512 512s-512-229.23-512-512c0-282.77 229.23-512 512-512s512 229.23 512 512z",
          "M211.006 260.655v355.297c0 13.964 10.861 24.824 24.824 24.824h552.339c13.964 0 24.824-10.861 24.824-24.824v-355.297c0-13.964-10.861-24.824-24.824-24.824h-552.339c-13.964-0-24.824 12.412-24.824 24.824zM736.97 588.024h-449.939c-13.964 0-24.824-10.861-24.824-24.824v-251.345c0-13.964 10.861-24.824 24.824-24.824h451.491c13.964 0 24.824 10.861 24.824 24.824v251.345c-1.552 12.412-12.412 24.824-26.376 24.824zM563.2 712.145c0-13.964-10.861-24.824-24.824-24.824h-52.752c-13.964 0-24.824 10.861-24.824 24.824s-10.861 24.824-24.824 24.824h-200.145c-13.964 0-24.824 10.861-24.824 24.824v0c0 13.964 10.861 24.824 24.824 24.824h552.339c13.964 0 24.824-10.861 24.824-24.824v0c0-13.964-10.861-24.824-24.824-24.824h-200.145c-13.964 0-24.824-10.861-24.824-24.824v0z"
        ],
        "attrs": [
          {
            "fill": "rgb(43, 137, 225)"
          },
          {
            "fill": "rgb(24, 36, 60)"
          }
        ],
        "isMulticolor": true,
        "isMulticolor2": false,
        "grid": 0,
        "tags": [
          "otc_home2"
        ],
        "colorPermutations": {
          "110113224211031969311311401671142180229115315315312436601255255255125574911431372251": [
            {
              "f": 2
            },
            {
              "f": 1
            }
          ]
        }
      },
      "attrs": [
        {
          "fill": "rgb(43, 137, 225)"
        },
        {
          "fill": "rgb(24, 36, 60)"
        }
      ],
      "properties": {
        "order": 43,
        "id": 17,
        "name": "otc_home2",
        "prevSize": 32,
        "code": 59695,
        "codes": [
          59695,
          59696
        ]
      },
      "setIdx": 0,
      "setId": 2,
      "iconIdx": 39
    },
    {
      "icon": {
        "paths": [
          "M1024 512c0 282.77-229.23 512-512 512s-512-229.23-512-512c0-282.77 229.23-512 512-512s512 229.23 512 512z",
          "M206.352 809.891c-1.552-6.206-1.552-24.824 0-44.994 3.103-34.133 17.067-58.958 38.788-74.473 15.515-10.861 35.685-17.067 52.752-21.721 7.758-1.552 17.067-3.103 23.273-6.206 41.891-9.309 83.782-20.17 116.364-60.509 3.103-3.103 20.17-27.927-24.824-82.23-20.17-23.273-31.030-55.855-37.236-96.194-6.206-41.891-1.552-80.679 3.103-105.503 6.206-29.479 21.721-55.855 48.097-74.473s55.855-29.479 86.885-29.479 60.509 9.309 86.885 29.479c24.824 20.17 41.891 44.994 48.097 76.024 3.103 24.824 7.758 63.612 3.103 105.503-6.206 38.788-17.067 69.818-37.236 96.194-44.994 54.303-26.376 79.127-24.824 82.23 31.030 43.442 74.473 52.752 116.364 60.509 7.758 1.552 17.067 3.103 24.824 6.206 15.515 3.103 34.133 9.309 49.648 20.17 44.994 31.030 41.891 100.848 40.339 117.915h-614.4v1.552z"
        ],
        "attrs": [
          {
            "fill": "rgb(43, 137, 225)"
          },
          {
            "fill": "rgb(24, 36, 60)"
          }
        ],
        "isMulticolor": true,
        "isMulticolor2": false,
        "grid": 0,
        "tags": [
          "otc_home3"
        ],
        "colorPermutations": {
          "110113224211031969311311401671142180229115315315312436601255255255125574911431372251": [
            {
              "f": 2
            },
            {
              "f": 1
            }
          ]
        }
      },
      "attrs": [
        {
          "fill": "rgb(43, 137, 225)"
        },
        {
          "fill": "rgb(24, 36, 60)"
        }
      ],
      "properties": {
        "order": 44,
        "id": 16,
        "name": "otc_home3",
        "prevSize": 32,
        "code": 59697,
        "codes": [
          59697,
          59698
        ]
      },
      "setIdx": 0,
      "setId": 2,
      "iconIdx": 40
    },
    {
      "icon": {
        "paths": [
          "M1.552 1010.036c-1.552-10.861-1.552-41.891 0-74.473 6.206-57.406 29.479-99.297 65.164-125.673 26.376-18.618 58.958-27.927 86.885-35.685 13.964-1.552 27.927-6.206 38.788-9.309 69.818-15.515 141.188-32.582 195.491-102.4 4.655-4.655 32.582-46.545-41.891-136.533-32.582-38.788-52.752-93.091-62.061-159.806-9.309-69.818-1.552-134.982 4.655-176.873 9.309-48.097 37.236-93.091 79.127-125.673s93.091-48.097 144.291-48.097 102.4 15.515 144.291 48.097 69.818 76.024 79.127 127.224c6.206 41.891 13.964 107.055 4.655 176.873-9.309 65.164-29.479 117.915-62.061 159.806-74.473 89.988-43.442 131.879-41.891 136.533 52.752 71.37 125.673 88.436 195.491 102.4 13.964 1.552 27.927 6.206 41.891 9.309 24.824 6.206 57.406 15.515 83.782 34.133 76.024 52.752 69.818 169.115 66.715 197.042h-1022.448z"
        ],
        "attrs": [
          {}
        ],
        "isMulticolor": false,
        "isMulticolor2": false,
        "grid": 0,
        "tags": [
          "otc_my"
        ],
        "colorPermutations": {
          "110113224211031969311311401671142180229115315315312436601255255255125574911431372251": [
            {}
          ]
        }
      },
      "attrs": [
        {}
      ],
      "properties": {
        "order": 45,
        "id": 15,
        "name": "otc_my",
        "prevSize": 32,
        "code": 59699
      },
      "setIdx": 0,
      "setId": 2,
      "iconIdx": 41
    },
    {
      "icon": {
        "paths": [
          "M1020.897 65.164c-9.309-18.618-31.030-24.824-48.097-17.067l-952.63 473.212c-18.618 9.309-24.824 31.030-17.067 49.648 1.552 4.655 4.655 7.758 7.758 10.861 4.655 3.103 9.309 6.206 15.515 7.758l319.612 100.848 49.648-60.509-262.206-82.23 716.8-356.848-383.224 465.455c-1.552 1.552-1.552 1.552-3.103 3.103l-43.442 54.303v229.624c0 20.17 15.515 37.236 35.685 37.236s35.685-15.515 35.685-37.236v-206.352l347.539 110.158c4.655 1.552 7.758 1.552 12.412 1.552 17.067 0 34.133-12.412 37.236-29.479l133.43-729.212c0-3.103 0-4.655 0-7.758 1.552-6.206 0-12.412-1.552-17.067v0zM825.406 764.897l-282.376-88.436 383.224-463.903-100.848 552.339z"
        ],
        "attrs": [
          {}
        ],
        "isMulticolor": false,
        "isMulticolor2": false,
        "grid": 0,
        "tags": [
          "otc_send"
        ],
        "colorPermutations": {
          "110113224211031969311311401671142180229115315315312436601255255255125574911431372251": [
            {}
          ]
        }
      },
      "attrs": [
        {}
      ],
      "properties": {
        "order": 46,
        "id": 14,
        "name": "otc_send",
        "prevSize": 32,
        "code": 59700
      },
      "setIdx": 0,
      "setId": 2,
      "iconIdx": 42
    },
    {
      "icon": {
        "paths": [
          "M1024 512c0 281.6-230.4 512-512 512s-512-230.4-512-512c0-217.6 134.4-400 326.4-476.8 57.6-22.4 121.6-35.2 185.6-35.2s128 12.8 185.6 35.2c192 76.8 326.4 259.2 326.4 476.8zM316.8 406.4c0 86.4 44.8 160 108.8 198.4 25.6 16 57.6 25.6 89.6 25.6s60.8-9.6 86.4-22.4c64-35.2 112-112 112-198.4 0-121.6-89.6-220.8-195.2-220.8s-201.6 92.8-201.6 217.6zM512 992c150.4 0 281.6-67.2 371.2-176-9.6-86.4-92.8-156.8-211.2-192-44.8 38.4-102.4 64-163.2 64-64 0-121.6-25.6-166.4-67.2-115.2 32-198.4 99.2-217.6 179.2 92.8 115.2 233.6 192 387.2 192v0z"
        ],
        "attrs": [
          {
            "fill": "rgb(153, 153, 153)"
          }
        ],
        "isMulticolor": false,
        "isMulticolor2": false,
        "grid": 0,
        "tags": [
          "page"
        ],
        "colorPermutations": {
          "110113224211031969311311401671142180229115315315312436601255255255125574911431372251": [
            {
              "f": 5
            }
          ]
        }
      },
      "attrs": [
        {
          "fill": "rgb(153, 153, 153)"
        }
      ],
      "properties": {
        "order": 47,
        "id": 13,
        "name": "page",
        "prevSize": 32,
        "code": 59701
      },
      "setIdx": 0,
      "setId": 2,
      "iconIdx": 43
    },
    {
      "icon": {
        "paths": [
          "M476.8 649.6v76.8c0 19.2 16 35.2 35.2 35.2s35.2-16 35.2-35.2v-76.8c25.6-12.8 41.6-38.4 41.6-70.4 0-44.8-35.2-80-76.8-80-44.8 0-76.8 35.2-76.8 80-0 32 16 57.6 41.6 70.4z",
          "M835.2 326.4h-73.6c0-140.8-112-256-249.6-256s-249.6 115.2-249.6 256h-73.6c0-86.4 35.2-169.6 96-230.4s140.8-96 227.2-96 166.4 35.2 227.2 96c60.8 60.8 96 144 96 230.4z",
          "M870.4 1024h-716.8c-60.8 0-108.8-48-108.8-108.8v-476.8c0-60.8 48-108.8 108.8-108.8h716.8c60.8 0 108.8 48 108.8 108.8v476.8c0 60.8-48 108.8-108.8 108.8zM153.6 400c-19.2 0-35.2 16-35.2 35.2v476.8c0 19.2 16 35.2 35.2 35.2h716.8c19.2 0 35.2-16 35.2-35.2v-473.6c0-19.2-16-35.2-35.2-35.2h-716.8z"
        ],
        "attrs": [
          {
            "fill": "rgb(131, 140, 167)"
          },
          {
            "fill": "rgb(131, 140, 167)"
          },
          {
            "fill": "rgb(131, 140, 167)"
          }
        ],
        "isMulticolor": false,
        "isMulticolor2": false,
        "grid": 0,
        "tags": [
          "password"
        ],
        "colorPermutations": {
          "110113224211031969311311401671142180229115315315312436601255255255125574911431372251": [
            {
              "f": 4
            },
            {
              "f": 4
            },
            {
              "f": 4
            }
          ]
        }
      },
      "attrs": [
        {
          "fill": "rgb(131, 140, 167)"
        },
        {
          "fill": "rgb(131, 140, 167)"
        },
        {
          "fill": "rgb(131, 140, 167)"
        }
      ],
      "properties": {
        "order": 48,
        "id": 12,
        "name": "password",
        "prevSize": 32,
        "code": 59702
      },
      "setIdx": 0,
      "setId": 2,
      "iconIdx": 44
    },
    {
      "icon": {
        "paths": [
          "M752 1024c-67.2 0-150.4-44.8-211.2-80-80-48-166.4-118.4-243.2-192v0l-25.6-25.6c-73.6-76.8-144-163.2-192-243.2-35.2-60.8-80-147.2-80-211.2 0-70.4 51.2-147.2 73.6-176 16-22.4 76.8-96 128-96 19.2 0 41.6 12.8 73.6 44.8 25.6 25.6 51.2 60.8 67.2 83.2 22.4 32 41.6 64 57.6 92.8 25.6 44.8 25.6 64 25.6 76.8 0 22.4-12.8 41.6-35.2 54.4-16 9.6-32 19.2-48 25.6-12.8 6.4-28.8 12.8-38.4 19.2 3.2 9.6 12.8 35.2 41.6 76.8 25.6 38.4 60.8 83.2 92.8 115.2s73.6 67.2 115.2 92.8c41.6 28.8 67.2 38.4 76.8 41.6 6.4-6.4 12.8-25.6 19.2-38.4 6.4-16 16-35.2 25.6-48 16-22.4 35.2-35.2 54.4-35.2 9.6 0 28.8 3.2 76.8 25.6 28.8 16 60.8 35.2 92.8 57.6 22.4 16 57.6 41.6 83.2 67.2 28.8 28.8 44.8 51.2 44.8 73.6 0 51.2-73.6 108.8-96 128-32 19.2-108.8 70.4-179.2 70.4zM339.2 707.2c73.6 70.4 156.8 137.6 233.6 185.6 73.6 44.8 140.8 70.4 179.2 70.4 35.2 0 86.4-22.4 134.4-57.6 22.4-16 41.6-35.2 54.4-51.2s19.2-25.6 19.2-28.8c-6.4-9.6-35.2-44.8-105.6-92.8-28.8-19.2-57.6-38.4-80-51.2-32-16-44.8-19.2-44.8-19.2s-3.2 3.2-9.6 12.8c-6.4 9.6-9.6 22.4-16 35.2-6.4 16-12.8 32-22.4 41.6-12.8 19.2-28.8 32-48 32 0 0 0 0 0 0-9.6 0-38.4 0-115.2-54.4-41.6-28.8-89.6-67.2-121.6-99.2v0c-35.2-35.2-70.4-80-99.2-121.6-51.2-76.8-54.4-105.6-54.4-115.2 0-19.2 9.6-35.2 32-51.2 12.8-9.6 28.8-16 44.8-22.4 12.8-6.4 25.6-9.6 35.2-16s12.8-9.6 12.8-9.6c0-3.2-3.2-16-19.2-44.8-12.8-25.6-32-54.4-51.2-80-54.4-73.6-89.6-102.4-99.2-108.8-3.2 0-12.8 6.4-28.8 19.2s-35.2 35.2-51.2 54.4c-35.2 51.2-57.6 102.4-57.6 137.6 0 38.4 25.6 105.6 70.4 179.2 48 76.8 112 160 185.6 233.6l22.4 22.4z"
        ],
        "attrs": [
          {
            "fill": "rgb(131, 140, 167)"
          }
        ],
        "isMulticolor": false,
        "isMulticolor2": false,
        "grid": 0,
        "tags": [
          "phone"
        ],
        "colorPermutations": {
          "110113224211031969311311401671142180229115315315312436601255255255125574911431372251": [
            {
              "f": 4
            }
          ]
        }
      },
      "attrs": [
        {
          "fill": "rgb(131, 140, 167)"
        }
      ],
      "properties": {
        "order": 49,
        "id": 11,
        "name": "phone",
        "prevSize": 32,
        "code": 59703
      },
      "setIdx": 0,
      "setId": 2,
      "iconIdx": 45
    },
    {
      "icon": {
        "paths": [
          "M992 960h-32v-384c0-35.2-28.8-64-64-64h-128c-35.2 0-64 28.8-64 64v384h-64v-896c0-35.2-28.8-64-64-64h-128c-35.2 0-64 28.8-64 64v896h-64v-640c0-35.2-28.8-64-64-64h-128c-35.2 0-64 28.8-64 64v640h-32c-16 0-32 12.8-32 32 0 16 12.8 32 32 32h960c16 0 32-12.8 32-32 0-16-12.8-32-32-32z"
        ],
        "attrs": [
          {
            "fill": "rgb(101, 132, 242)"
          }
        ],
        "isMulticolor": false,
        "isMulticolor2": false,
        "grid": 0,
        "tags": [
          "quotation"
        ],
        "colorPermutations": {
          "110113224211031969311311401671142180229115315315312436601255255255125574911431372251": [
            {
              "f": 7
            }
          ]
        }
      },
      "attrs": [
        {
          "fill": "rgb(101, 132, 242)"
        }
      ],
      "properties": {
        "order": 50,
        "id": 10,
        "name": "quotation",
        "prevSize": 32,
        "code": 59704
      },
      "setIdx": 0,
      "setId": 2,
      "iconIdx": 46
    },
    {
      "icon": {
        "paths": [
          "M675.2 275.2h-540.8l160-160c16-16 16-38.4 0-57.6-12.8-12.8-38.4-12.8-54.4 3.2l-227.2 224c-9.6 9.6-12.8 19.2-12.8 28.8s3.2 19.2 12.8 28.8l227.2 227.2c16 16 38.4 16 54.4 0s16-38.4 0-57.6l-156.8-156.8h537.6c150.4 0 268.8 121.6 268.8 268.8s-118.4 272-268.8 272h-412.8c-19.2 0-38.4 19.2-38.4 38.4 0 22.4 19.2 38.4 38.4 38.4h409.6c195.2 0 348.8-156.8 348.8-348.8s-153.6-348.8-345.6-348.8z"
        ],
        "attrs": [
          {
            "fill": "rgb(101, 132, 242)"
          }
        ],
        "isMulticolor": false,
        "isMulticolor2": false,
        "grid": 0,
        "tags": [
          "return"
        ],
        "colorPermutations": {
          "110113224211031969311311401671142180229115315315312436601255255255125574911431372251": [
            {
              "f": 7
            }
          ]
        }
      },
      "attrs": [
        {
          "fill": "rgb(101, 132, 242)"
        }
      ],
      "properties": {
        "order": 51,
        "id": 9,
        "name": "return",
        "prevSize": 32,
        "code": 59705
      },
      "setIdx": 0,
      "setId": 2,
      "iconIdx": 47
    },
    {
      "icon": {
        "paths": [
          "M508.8 1024c-150.4 0-428.8-230.4-428.8-444.8v-428.8h41.6c0 0 99.2 0 195.2-41.6 102.4-41.6 163.2-86.4 169.6-86.4l25.6-22.4 25.6 19.2c0 0 67.2 44.8 169.6 86.4 99.2 41.6 195.2 41.6 195.2 41.6h41.6v428.8c-3.2 217.6-284.8 448-435.2 448v0 0 0zM144 198.4v374.4c0 179.2 262.4 384 364.8 384 108.8 0 364.8-204.8 364.8-384v-374.4c-44.8-6.4-118.4-16-195.2-44.8-76.8-35.2-137.6-70.4-169.6-92.8-28.8 19.2-92.8 54.4-169.6 86.4-73.6 38.4-150.4 48-195.2 51.2v0 0 0zM483.2 742.4l-185.6-153.6 41.6-44.8 137.6 112 233.6-272 44.8 41.6-272 316.8z"
        ],
        "attrs": [
          {
            "fill": "rgb(255, 255, 255)"
          }
        ],
        "isMulticolor": false,
        "isMulticolor2": false,
        "grid": 0,
        "tags": [
          "security"
        ],
        "colorPermutations": {
          "110113224211031969311311401671142180229115315315312436601255255255125574911431372251": [
            {
              "f": 9
            }
          ]
        }
      },
      "attrs": [
        {
          "fill": "rgb(255, 255, 255)"
        }
      ],
      "properties": {
        "order": 52,
        "id": 8,
        "name": "security",
        "prevSize": 32,
        "code": 59706
      },
      "setIdx": 0,
      "setId": 2,
      "iconIdx": 48
    },
    {
      "icon": {
        "paths": [
          "M512 204.8c-224 0-438.4 140.8-508.8 339.2 70.4 198.4 284.8 339.2 508.8 339.2 220.8 0 438.4-140.8 508.8-339.2-73.6-198.4-288-339.2-508.8-339.2zM512 755.2c-115.2 0-211.2-96-211.2-211.2s96-211.2 211.2-211.2 211.2 96 211.2 211.2-96 211.2-211.2 211.2zM636.8 544c0 70.4-57.6 128-128 128s-128-57.6-128-128 57.6-128 128-128 128 57.6 128 128z"
        ],
        "attrs": [
          {
            "fill": "rgb(101, 132, 242)"
          }
        ],
        "isMulticolor": false,
        "isMulticolor2": false,
        "grid": 0,
        "tags": [
          "see"
        ],
        "colorPermutations": {
          "110113224211031969311311401671142180229115315315312436601255255255125574911431372251": [
            {
              "f": 7
            }
          ]
        }
      },
      "attrs": [
        {
          "fill": "rgb(101, 132, 242)"
        }
      ],
      "properties": {
        "order": 53,
        "id": 7,
        "name": "see",
        "prevSize": 32,
        "code": 59707
      },
      "setIdx": 0,
      "setId": 2,
      "iconIdx": 49
    },
    {
      "icon": {
        "paths": [
          "M28.8 396.8c16 0 28.8-12.8 28.8-28.8 0 0 0 0 0 0v-310.4h313.6c16 0 28.8-12.8 28.8-28.8s-16-28.8-28.8-28.8c0 0 0 0 0 0h-342.4c-16 0-28.8 12.8-28.8 28.8 0 0 0 0 0 0v342.4c0 12.8 12.8 25.6 28.8 25.6 0 0 0 0 0 0zM371.2 966.4h-313.6v-313.6c0-16-12.8-28.8-28.8-28.8-16 3.2-28.8 16-28.8 28.8 0 0 0 0 0 0v342.4c0 16 12.8 28.8 28.8 28.8 0 0 0 0 0 0h342.4c16 0 28.8-12.8 28.8-28.8-3.2-16-16-28.8-28.8-28.8zM995.2 0h-342.4c-16 0-28.8 12.8-28.8 28.8s12.8 28.8 28.8 28.8c0 0 0 0 0 0h313.6v313.6c0 16 12.8 28.8 28.8 28.8s28.8-12.8 28.8-28.8c0 0 0 0 0 0v-342.4c0-16-12.8-28.8-28.8-28.8 0 0 0 0 0 0zM995.2 627.2c-16 0-28.8 12.8-28.8 28.8 0 0 0 0 0 0v313.6h-313.6c-16 0-28.8 12.8-28.8 28.8s16 25.6 28.8 25.6c0 0 0 0 0 0h342.4c16 0 28.8-12.8 28.8-28.8 0 0 0 0 0 0v-342.4c0-12.8-12.8-25.6-28.8-25.6 0 0 0 0 0 0zM995.2 483.2h-966.4c-16 0-28.8 12.8-28.8 28.8s12.8 28.8 28.8 28.8h966.4c16 0 28.8-12.8 28.8-28.8s-12.8-28.8-28.8-28.8z"
        ],
        "attrs": [
          {
            "fill": "rgb(101, 132, 242)"
          }
        ],
        "isMulticolor": false,
        "isMulticolor2": false,
        "grid": 0,
        "tags": [
          "sos"
        ],
        "colorPermutations": {
          "110113224211031969311311401671142180229115315315312436601255255255125574911431372251": [
            {
              "f": 7
            }
          ]
        }
      },
      "attrs": [
        {
          "fill": "rgb(101, 132, 242)"
        }
      ],
      "properties": {
        "order": 54,
        "id": 6,
        "name": "sos",
        "prevSize": 32,
        "code": 59708
      },
      "setIdx": 0,
      "setId": 2,
      "iconIdx": 50
    },
    {
      "icon": {
        "paths": [
          "M896 128h-768c-70.4 0-128 57.6-128 128v512c0 70.4 57.6 128 128 128h768c70.4 0 128-57.6 128-128v-512c0-70.4-57.6-128-128-128zM928 192l-416 320-416-320c0 0 832 0 832 0zM64 768v-512l288 224-284.8 307.2c-3.2-6.4-3.2-12.8-3.2-19.2zM115.2 828.8l288-307.2 108.8 83.2 105.6-83.2 294.4 307.2c0 0-796.8 0-796.8 0zM960 768c0 6.4 0 12.8-3.2 19.2l-284.8-307.2 288-224v512z"
        ],
        "attrs": [
          {
            "fill": "rgb(255, 255, 255)"
          }
        ],
        "isMulticolor": false,
        "isMulticolor2": false,
        "grid": 0,
        "tags": [
          "station"
        ],
        "colorPermutations": {
          "110113224211031969311311401671142180229115315315312436601255255255125574911431372251": [
            {
              "f": 9
            }
          ]
        }
      },
      "attrs": [
        {
          "fill": "rgb(255, 255, 255)"
        }
      ],
      "properties": {
        "order": 55,
        "id": 5,
        "name": "station",
        "prevSize": 32,
        "code": 59709
      },
      "setIdx": 0,
      "setId": 2,
      "iconIdx": 51
    },
    {
      "icon": {
        "paths": [
          "M512 1024c-70.4 0-134.4-12.8-201.6-41.6-60.8-25.6-115.2-60.8-163.2-108.8s-83.2-102.4-108.8-163.2c-25.6-64-38.4-128-38.4-198.4s12.8-134.4 41.6-201.6c25.6-60.8 60.8-115.2 108.8-163.2s102.4-83.2 163.2-108.8c64-25.6 128-38.4 198.4-38.4s134.4 12.8 201.6 41.6c60.8 25.6 115.2 60.8 163.2 108.8s83.2 102.4 108.8 163.2c25.6 60.8 41.6 128 41.6 201.6 0 70.4-12.8 134.4-41.6 201.6-25.6 60.8-60.8 115.2-108.8 163.2s-102.4 83.2-163.2 108.8c-67.2 22.4-131.2 35.2-201.6 35.2v0zM512 44.8c-259.2 0-467.2 208-467.2 467.2s208 467.2 467.2 467.2 467.2-208 467.2-467.2c-3.2-259.2-211.2-467.2-467.2-467.2v0z",
          "M508.8 566.4c-112 0-208-92.8-208-208s92.8-208 208-208 208 92.8 208 208-92.8 208-208 208v0zM508.8 198.4c-89.6 0-163.2 73.6-163.2 163.2s73.6 163.2 163.2 163.2 163.2-73.6 163.2-163.2-73.6-163.2-163.2-163.2v0z",
          "M208 880l-44.8-3.2c0-3.2 9.6-86.4 54.4-172.8 25.6-51.2 60.8-92.8 105.6-121.6 54.4-35.2 115.2-54.4 188.8-54.4 70.4 0 134.4 19.2 188.8 54.4 41.6 28.8 76.8 67.2 105.6 115.2 48 83.2 54.4 163.2 54.4 166.4l-44.8 3.2c0 0-6.4-76.8-48-150.4-54.4-96-140.8-144-252.8-144s-201.6 51.2-252.8 150.4c-48 76.8-54.4 153.6-54.4 156.8v0z"
        ],
        "attrs": [
          {
            "fill": "rgb(255, 255, 255)"
          },
          {
            "fill": "rgb(255, 255, 255)"
          },
          {
            "fill": "rgb(255, 255, 255)"
          }
        ],
        "isMulticolor": false,
        "isMulticolor2": false,
        "grid": 0,
        "tags": [
          "status"
        ],
        "colorPermutations": {
          "110113224211031969311311401671142180229115315315312436601255255255125574911431372251": [
            {
              "f": 9
            },
            {
              "f": 9
            },
            {
              "f": 9
            }
          ]
        }
      },
      "attrs": [
        {
          "fill": "rgb(255, 255, 255)"
        },
        {
          "fill": "rgb(255, 255, 255)"
        },
        {
          "fill": "rgb(255, 255, 255)"
        }
      ],
      "properties": {
        "order": 56,
        "id": 4,
        "name": "status",
        "prevSize": 32,
        "code": 59710
      },
      "setIdx": 0,
      "setId": 2,
      "iconIdx": 52
    },
    {
      "icon": {
        "paths": [
          "M512 0c-281.6 0-512 230.4-512 512s230.4 512 512 512c281.6 0 512-230.4 512-512s-230.4-512-512-512zM512 800c-108.8 0-208-60.8-256-153.6v86.4c0 9.6-6.4 16-16 16s-16-6.4-16-16v-188.8c0-9.6 6.4-16 16-16s16 6.4 16 12.8c16 128 124.8 227.2 256 227.2s240-96 256-227.2c0-9.6 9.6-16 19.2-12.8 9.6 0 16 9.6 12.8 19.2-19.2 144-140.8 252.8-288 252.8zM390.4 528c-9.6 0-16-6.4-16-16s6.4-16 16-16h102.4l-99.2-96c-6.4-6.4-6.4-16 0-22.4s16-6.4 22.4 0l99.2 96 89.6-89.6c6.4-6.4 16-6.4 22.4 0s6.4 16 0 22.4l-92.8 92.8h105.6c9.6 0 16 6.4 16 16s-6.4 16-16 16h-108.8v38.4h108.8c9.6 0 16 6.4 16 16s-6.4 16-16 16h-108.8v89.6c0 9.6-6.4 16-16 16s-16-6.4-16-16v-89.6h-108.8c-9.6 0-16-6.4-16-16s6.4-16 16-16h108.8v-38.4l-108.8-3.2zM800 480c0 9.6-6.4 16-16 16s-16-6.4-16-12.8c-16-131.2-124.8-227.2-256-227.2s-240 96-256 227.2c0 9.6-6.4 12.8-16 12.8 0 0 0 0-3.2 0-9.6 0-16-9.6-12.8-19.2 19.2-144 140.8-252.8 288-252.8 108.8 0 208 60.8 256 153.6v-86.4c0-9.6 6.4-16 16-16s16 6.4 16 16v188.8z"
        ],
        "attrs": [
          {
            "fill": "rgb(255, 255, 255)"
          }
        ],
        "isMulticolor": false,
        "isMulticolor2": false,
        "grid": 0,
        "tags": [
          "trading"
        ],
        "colorPermutations": {
          "110113224211031969311311401671142180229115315315312436601255255255125574911431372251": [
            {
              "f": 9
            }
          ]
        }
      },
      "attrs": [
        {
          "fill": "rgb(255, 255, 255)"
        }
      ],
      "properties": {
        "order": 57,
        "id": 3,
        "name": "trading",
        "prevSize": 32,
        "code": 59711
      },
      "setIdx": 0,
      "setId": 2,
      "iconIdx": 53
    },
    {
      "icon": {
        "paths": [
          "M966.4 870.4c-38.4-57.6-99.2-76.8-128-76.8-137.6-22.4-182.4-70.4-182.4-70.4l-3.2-3.2c-16-12.8-19.2-38.4-22.4-60.8 89.6-67.2 160-198.4 160-342.4 0-233.6-156.8-316.8-278.4-316.8s-281.6 83.2-281.6 316.8c0 144 70.4 275.2 160 342.4 0 22.4-6.4 44.8-22.4 60.8l-3.2 3.2c0 0-44.8 48-182.4 70.4-19.2 0-99.2 9.6-134.4 86.4-19.2 41.6-12.8 73.6 0 92.8 19.2 44.8 73.6 51.2 86.4 51.2h748.8c19.2 0 80-3.2 102.4-54.4 6.4-19.2 12.8-54.4-19.2-99.2z"
        ],
        "attrs": [
          {
            "fill": "rgb(255, 255, 255)"
          }
        ],
        "isMulticolor": false,
        "isMulticolor2": false,
        "grid": 0,
        "tags": [
          "user"
        ],
        "colorPermutations": {
          "110113224211031969311311401671142180229115315315312436601255255255125574911431372251": [
            {
              "f": 9
            }
          ]
        }
      },
      "attrs": [
        {
          "fill": "rgb(255, 255, 255)"
        }
      ],
      "properties": {
        "order": 58,
        "id": 2,
        "name": "user",
        "prevSize": 32,
        "code": 59712
      },
      "setIdx": 0,
      "setId": 2,
      "iconIdx": 54
    },
    {
      "icon": {
        "paths": [
          "M1024 979.2c-16-208-160-380.8-352-441.6 80-51.2 134.4-140.8 134.4-246.4 0-160-131.2-291.2-294.4-291.2s-294.4 131.2-294.4 291.2c0 102.4 54.4 192 134.4 246.4-192 60.8-332.8 233.6-352 441.6 0 3.2 0 6.4 0 12.8 0 19.2 19.2 32 35.2 32 19.2 0 35.2-16 35.2-35.2 22.4-227.2 211.2-403.2 441.6-403.2s419.2 176 438.4 403.2c0 19.2 16 35.2 35.2 35.2s35.2-16 35.2-32c3.2-6.4 3.2-9.6 3.2-12.8zM291.2 291.2c0-121.6 99.2-220.8 220.8-220.8s220.8 99.2 220.8 220.8c0 121.6-99.2 220.8-220.8 220.8s-220.8-99.2-220.8-220.8z"
        ],
        "attrs": [
          {
            "fill": "rgb(131, 140, 167)"
          }
        ],
        "isMulticolor": false,
        "isMulticolor2": false,
        "grid": 0,
        "tags": [
          "userpage"
        ],
        "colorPermutations": {
          "110113224211031969311311401671142180229115315315312436601255255255125574911431372251": [
            {
              "f": 4
            }
          ]
        }
      },
      "attrs": [
        {
          "fill": "rgb(131, 140, 167)"
        }
      ],
      "properties": {
        "order": 59,
        "id": 1,
        "name": "userpage",
        "prevSize": 32,
        "code": 59713
      },
      "setIdx": 0,
      "setId": 2,
      "iconIdx": 55
    },
    {
      "icon": {
        "paths": [
          "M1024 512c0 282.77-229.23 512-512 512s-512-229.23-512-512c0-282.77 229.23-512 512-512s512 229.23 512 512z",
          "M416 841.6c-60.8 0-118.4-22.4-166.4-67.2-44.8-44.8-67.2-102.4-67.2-166.4s25.6-121.6 67.2-166.4l80-80c19.2-19.2 44.8-28.8 70.4-28.8s51.2 9.6 70.4 28.8l19.2 19.2 64-64-22.4-22.4c-12.8-12.8-19.2-32-19.2-48 0-19.2 6.4-35.2 19.2-48 25.6-28.8 70.4-28.8 99.2 0l195.2 195.2c25.6 28.8 25.6 70.4 0 99.2-12.8 12.8-32 19.2-48 19.2-19.2 0-35.2-6.4-48-19.2l-25.6-19.2-64 64 19.2 19.2c38.4 38.4 38.4 102.4 0 140.8l-80 80c-44.8 41.6-105.6 64-163.2 64zM400 393.6c-12.8 0-22.4 3.2-28.8 12.8l-83.2 76.8c-32 32-51.2 76.8-51.2 124.8s19.2 92.8 51.2 128c70.4 70.4 182.4 70.4 249.6 0l80-80c16-16 16-44.8 0-60.8l-38.4-38.4c-9.6-9.6-9.6-28.8 0-38.4l102.4-102.4c9.6-9.6 28.8-9.6 38.4 0l41.6 41.6c3.2 3.2 6.4 3.2 9.6 3.2s6.4 0 9.6-3.2c6.4-6.4 6.4-16 0-19.2l-195.2-195.2c-3.2-3.2-6.4-3.2-9.6-3.2s-6.4 0-9.6 3.2c-3.2 3.2-3.2 6.4-3.2 9.6s0 6.4 3.2 9.6l41.6 41.6c9.6 9.6 9.6 28.8 0 38.4l-102.4 102.4c-9.6 9.6-28.8 9.6-38.4 0l-38.4-38.4c-6.4-9.6-19.2-12.8-28.8-12.8z",
          "M348.8 700.8c-6.4 0-12.8-3.2-19.2-9.6-9.6-9.6-9.6-28.8 0-38.4l121.6-121.6c9.6-9.6 28.8-9.6 38.4 0s9.6 28.8 0 38.4l-121.6 121.6c-3.2 9.6-9.6 9.6-19.2 9.6z"
        ],
        "attrs": [
          {
            "fill": "rgb(43, 137, 225)"
          },
          {
            "fill": "rgb(255, 255, 255)"
          },
          {
            "fill": "rgb(255, 255, 255)"
          }
        ],
        "isMulticolor": true,
        "isMulticolor2": false,
        "grid": 0,
        "tags": [
          "wk"
        ],
        "colorPermutations": {
          "110113224211031969311311401671142180229115315315312436601255255255125574911431372251": [
            {
              "f": 2
            },
            {
              "f": 9
            },
            {
              "f": 9
            }
          ]
        }
      },
      "attrs": [
        {
          "fill": "rgb(43, 137, 225)"
        },
        {
          "fill": "rgb(255, 255, 255)"
        },
        {
          "fill": "rgb(255, 255, 255)"
        }
      ],
      "properties": {
        "order": 60,
        "id": 0,
        "name": "wk",
        "prevSize": 32,
        "code": 59714,
        "codes": [
          59714,
          59715,
          59716
        ]
      },
      "setIdx": 0,
      "setId": 2,
      "iconIdx": 56
    }
  ],
  "height": 1024,
  "metadata": {
    "name": "icomoon"
  },
  "preferences": {
    "showGlyphs": true,
    "showQuickUse": true,
    "showQuickUse2": true,
    "showSVGs": true,
    "fontPref": {
      "prefix": "icon-",
      "metadata": {
        "fontFamily": "icomoon",
        "majorVersion": 1,
        "minorVersion": 0
      },
      "metrics": {
        "emSize": 1024,
        "baseline": 6.25,
        "whitespace": 50
      },
      "embed": false,
      "resetPoint": 59648
    },
    "imagePref": {
      "prefix": "icon-",
      "png": true,
      "useClassSelector": true,
      "color": 0,
      "bgColor": 16777215,
      "classSelector": ".icon",
      "name": "icomoon"
    },
    "historySize": 50,
    "showCodes": false,
    "gridSize": 16,
    "showLiga": false,
    "showGrid": true
  }
}